Assigned Cluster ,User Reputation Score,Number of Post by the user
0,23,1
0,833,1
0,17,1
0,1,1
0,376,6
0,48,1
0,405,1
0,366,2
0,21,1
0,21,1
0,442,1
0,91,1
0,191,2
0,100,2
0,62,1
0,401,2
0,6,1
0,175,1
0,571,1
0,2280,9
0,1,1
0,82,3
0,2285,1
0,422,1
0,104,2
0,1560,2
0,2887,5
0,56,1
0,16,1
0,83,1
0,326,1
0,34,1
0,64,2
0,13,1
0,1329,1
0,96,1
0,33,1
0,380,1
0,6,1
0,1,2
0,152,1
0,444,1
0,1867,2
0,372,2
0,70,2
0,859,1
0,1401,1
0,1185,3
0,4269,4
0,2269,3
0,141,1
0,1417,3
0,69,1
0,36,2
0,1,1
0,2122,3
0,12,1
0,19,1
0,1,1
0,9,1
0,350,1
0,3579,5
0,2089,1
0,1,1
0,11,1
0,660,1
0,21,1
0,1,1
0,21,1
0,6,1
0,521,1
0,40,1
0,11,1
0,276,2
0,181,1
0,98,1
0,172,1
0,577,2
0,194,1
0,11,1
0,493,1
0,8,1
0,50,1
0,105,1
0,420,2
0,51,1
0,125,1
0,3897,4
0,154,1
0,69,1
0,67,1
0,66,1
0,357,2
0,1608,2
0,77,1
0,15,1
0,21,1
0,177,2
0,312,1
0,64,1
0,1,1
0,1,1
0,123,1
0,11,1
0,1661,6
0,470,1
0,86,2
0,512,2
0,308,3
0,50,1
0,6,1
0,345,1
0,18,1
0,26,1
0,1,1
0,660,3
0,1756,3
0,1701,1
0,179,1
0,558,1
0,73,1
0,1,2
0,618,2
0,28,2
0,1494,1
0,112,1
0,668,1
0,8,1
0,20,2
0,131,1
0,804,1
0,70,1
0,61,1
0,754,2
0,894,4
0,932,1
0,1237,1
0,294,1
0,25,1
0,481,1
0,4143,5
0,51,3
0,8,2
0,16,1
0,348,3
0,133,1
0,121,1
0,118,1
0,1770,2
0,197,2
0,15,1
0,10,1
0,473,2
0,3587,1
0,897,1
0,943,2
0,3,1
0,228,1
0,771,3
0,40,1
0,517,2
0,471,1
0,406,1
0,86,1
0,2538,1
0,10,1
0,6,1
0,28,1
0,6,1
0,107,2
0,4211,5
0,2824,4
0,303,4
0,1,1
0,421,1
0,733,2
0,486,1
0,2670,4
0,307,1
0,2306,2
0,3,1
0,41,1
0,440,2
0,58,1
0,38,1
0,410,3
0,2707,1
0,50,1
0,4252,1
0,4471,2
0,896,2
0,3,1
0,309,2
0,887,3
0,32,1
0,1,1
0,1,1
0,54,1
0,23,1
0,5051,5
0,765,6
0,341,1
0,1622,3
0,77,1
0,451,1
0,1277,3
0,157,1
0,11,1
0,5048,4
0,1,1
0,1,1
0,98,1
0,2669,6
0,1125,2
0,1,1
0,121,1
0,21,1
0,21,1
0,1,1
0,126,1
0,23,2
0,1188,2
0,13,1
0,30,1
0,32,1
0,56,1
0,1464,1
0,5031,10
0,6,1
0,22,1
0,168,1
0,134,1
0,10,1
0,317,1
0,22,1
0,1,1
0,51,1
0,2208,2
0,6,1
0,164,1
0,1,1
0,16,1
0,1,1
0,31,1
0,1946,1
0,1467,1
0,191,1
0,1,1
0,33,1
0,653,2
0,502,2
0,185,1
0,1374,2
0,1,1
0,37,1
0,1,1
0,11,1
0,116,1
0,4305,4
0,1,1
0,8,1
0,87,1
0,937,2
0,11,1
0,3598,3
0,13,1
0,2492,1
0,1,1
0,2,1
0,374,1
0,2652,8
0,93,1
0,36,1
0,2257,7
0,719,2
0,22,1
0,2065,4
0,72,1
0,423,1
0,359,1
0,636,1
0,61,1
0,804,3
0,173,1
0,6,1
0,1,1
0,404,2
0,1003,1
0,293,1
0,2709,1
0,1610,1
0,1,1
0,194,4
0,1,1
0,34,1
0,178,3
0,6,1
0,2109,2
0,205,1
0,31,1
0,27,1
0,56,1
0,1255,4
0,1,1
0,156,2
0,51,2
0,88,1
0,1223,4
0,375,2
0,11,1
0,3,1
0,510,2
0,183,1
0,3,1
0,53,1
0,32,1
0,292,1
0,1225,2
0,613,1
0,358,1
0,43,1
0,55,1
0,23,1
0,535,2
0,3789,2
0,602,3
0,1877,2
0,413,1
0,11,1
0,1,1
0,1323,1
0,494,1
0,129,1
0,13,1
0,87,1
0,11,1
0,6,1
0,80,1
0,6,1
0,48,1
0,555,1
0,1827,6
0,208,1
0,21,1
0,2148,1
0,1,1
0,1572,1
0,6,1
0,25,1
0,1497,5
0,1,1
0,49,1
0,21,1
0,506,1
0,45,1
0,375,1
0,10,1
0,8,1
0,1796,4
0,2149,9
0,428,2
0,123,2
0,1872,2
0,840,1
0,41,1
0,237,2
0,99,2
0,151,2
0,143,1
0,82,1
0,141,2
0,1376,1
0,1142,2
0,11,1
0,37,2
0,227,1
0,6,1
0,11,1
0,484,1
0,459,3
0,129,1
0,1,1
0,330,3
0,39,1
0,1711,2
0,188,2
0,300,1
0,71,1
0,81,1
0,55,1
0,655,2
0,63,1
0,36,2
0,94,1
0,203,2
0,655,1
0,109,2
0,759,1
0,158,2
0,18,1
0,388,1
0,166,1
0,8,1
0,1,1
0,6,1
0,41,1
0,1813,1
0,311,1
0,313,1
0,393,1
0,1307,3
0,1,1
0,35,1
0,16,1
0,3,1
0,6,1
0,191,1
0,883,1
0,619,1
0,106,1
0,2116,2
0,51,1
0,89,1
0,15,1
0,1436,3
0,1787,1
0,16,1
0,78,1
0,319,1
0,1,1
0,1594,5
0,13,1
0,141,1
0,489,2
0,143,1
0,54,1
0,44,1
0,136,1
0,358,1
0,2227,3
0,189,1
0,584,2
0,1,1
0,98,1
0,4007,7
0,92,1
0,1963,1
0,144,2
0,730,2
0,37,1
0,1289,4
0,395,1
0,2733,5
0,55,1
0,197,1
0,21,1
0,1526,5
0,16,1
0,23,1
0,676,1
0,549,1
0,1,1
0,133,1
0,1094,2
0,2268,3
0,11,1
0,1406,2
0,462,3
0,11,1
0,34,1
0,2195,1
0,336,4
0,1699,2
0,731,3
0,11,1
0,4331,5
0,1779,2
0,25,1
0,834,3
0,30,1
0,1127,3
0,1,1
0,827,5
0,89,1
0,1254,8
0,198,2
0,21,1
0,32,1
0,16,1
0,1,1
0,712,2
0,207,1
0,156,1
0,10,1
0,3261,9
0,1002,2
0,8,1
0,559,1
0,1338,2
0,6,1
0,2134,1
0,83,1
0,1866,2
0,158,1
0,3,1
0,1,1
0,8,1
0,5,1
0,307,1
0,478,3
0,52,1
0,2128,15
0,71,1
0,316,2
0,1,1
0,25,1
0,534,1
0,1495,1
0,504,1
0,39,1
0,6,1
0,52,1
0,92,1
0,648,1
0,120,1
0,1033,5
0,5,1
0,11,1
0,5,1
0,1,1
0,97,2
0,11,1
0,35,1
0,463,2
0,21,1
0,300,1
0,189,2
0,32,1
0,1,1
0,21,1
0,77,2
0,1184,2
0,1,1
0,464,1
0,1,1
0,587,3
0,227,2
0,3326,2
0,531,3
0,66,2
0,56,1
0,61,1
0,6,1
0,227,1
0,531,1
0,1,1
0,6,1
0,532,2
0,1611,2
0,17,1
0,15,2
0,123,1
0,85,1
0,8,1
0,1,1
0,2519,2
0,3,1
0,12,1
0,30,1
0,358,1
0,1969,1
0,1,1
0,11,1
0,12,1
0,1,1
0,1,1
0,86,1
0,124,1
0,14,1
0,4,1
0,1058,1
0,856,2
0,81,1
0,1,1
0,894,1
0,389,3
0,31,1
0,500,2
0,700,1
0,146,1
0,33,1
0,111,2
0,113,1
0,521,1
0,2931,6
0,220,1
0,1,1
0,481,4
0,31,1
0,1476,3
0,4874,1
0,1284,5
0,5,1
0,1496,1
0,474,2
0,890,2
0,6,1
0,819,2
0,28,2
0,332,1
0,9,2
0,435,1
0,404,1
0,6,1
0,1,1
0,355,2
0,473,3
0,13,1
0,319,1
0,2084,1
0,91,1
0,598,1
0,78,3
0,138,2
0,22,1
0,716,2
0,816,2
0,1920,3
0,56,1
0,856,1
0,1,1
0,27,1
0,728,1
0,64,2
0,44,1
0,1,1
0,456,3
0,72,2
0,16,1
0,4399,4
0,28,1
0,537,1
0,2878,7
0,2093,2
0,2,2
0,788,1
0,1998,6
0,675,1
0,1423,5
0,8,1
0,253,4
0,101,1
0,470,1
0,606,1
0,97,1
0,28,1
0,1177,1
0,317,3
0,66,1
0,18,1
0,2185,1
0,34,1
0,36,1
0,3,1
0,1,1
0,161,1
0,851,2
0,482,1
0,13,1
0,65,1
0,2841,4
0,8,1
0,46,1
0,8,1
0,2,1
0,118,1
0,45,1
0,619,5
0,66,1
0,3296,5
0,177,1
0,11,1
0,63,1
0,17,1
0,11,1
0,73,1
0,6,1
0,1623,4
0,775,3
0,1707,3
0,11,1
0,18,1
0,488,1
0,1833,2
0,1,1
0,36,1
0,117,1
0,11,1
0,850,1
0,216,2
0,604,1
0,155,1
0,494,1
0,3265,3
0,8,1
0,39,1
0,454,1
0,126,1
0,564,1
0,319,1
0,16,1
0,889,9
0,151,1
0,41,2
0,3140,2
0,689,2
0,1156,2
0,566,2
0,11,1
0,1230,4
0,3260,4
0,11,1
0,2419,3
0,16,1
0,26,1
0,3596,4
0,1179,1
0,157,1
0,3458,5
0,43,1
0,763,4
0,1150,1
0,2973,4
0,185,1
0,21,1
0,1124,1
0,60,1
0,45,1
0,3500,6
0,722,1
0,4182,2
0,60,2
0,346,2
0,478,1
0,16,1
0,6,1
0,68,1
0,14,2
0,65,1
0,31,1
0,1528,1
0,31,1
0,1461,2
0,3,1
0,731,2
0,73,1
0,1506,3
0,25,1
0,411,5
0,828,8
0,4907,14
0,1049,6
0,94,1
0,22,1
0,301,1
0,1,1
0,910,2
0,152,3
0,119,3
0,515,2
0,548,2
0,1042,3
0,1,1
0,149,3
0,68,1
0,156,3
0,400,1
0,215,2
0,4597,16
0,326,1
0,69,1
0,111,1
0,11,1
0,1049,3
0,689,2
0,439,1
0,670,2
0,47,1
0,523,1
0,1548,2
0,96,1
0,73,2
0,50,1
0,392,1
0,318,1
0,20,1
0,111,1
0,1,1
0,12,1
0,1416,1
0,150,1
0,572,1
0,1634,3
0,392,1
0,46,1
0,11,1
0,6,1
0,53,1
0,37,2
0,100,1
0,840,3
0,32,1
0,59,1
0,251,1
0,11,1
0,21,1
0,11,1
0,31,1
0,28,1
0,638,3
0,68,2
0,3,1
0,6,1
0,56,1
0,802,1
0,2968,2
0,908,2
0,1899,3
0,116,1
0,121,1
0,36,1
0,348,1
0,41,1
0,4063,6
0,23,1
0,146,1
0,4,1
0,42,1
0,6,1
0,41,3
0,445,2
0,2954,4
0,1668,3
0,324,1
0,177,1
0,2257,3
0,409,3
0,86,1
0,276,2
0,1279,3
0,396,3
0,6,1
0,527,1
0,221,1
0,226,1
0,83,1
0,913,1
0,3794,6
0,355,2
0,16,1
0,1958,1
0,1961,3
0,193,5
0,1295,1
0,170,1
0,132,1
0,92,1
0,648,2
0,156,1
0,583,4
0,15,1
0,1,1
0,27,1
0,877,1
0,706,2
0,115,1
0,712,1
0,6,1
0,8,1
0,1262,3
0,5046,8
0,6,1
0,3,1
0,4926,8
0,1,1
0,60,1
0,141,1
0,8,1
0,2625,6
0,86,1
0,105,1
0,2787,4
0,94,1
0,2924,3
0,1,1
0,2339,5
0,1104,1
0,95,1
0,1277,5
0,399,2
0,77,1
0,127,1
0,75,2
0,603,4
0,591,2
0,2354,1
0,71,2
0,282,1
0,650,3
0,101,1
0,14,2
0,1690,3
0,444,2
0,30,1
0,495,1
0,3624,4
0,459,2
0,1,1
0,28,1
0,1100,1
0,394,1
0,1,1
0,367,3
0,71,1
0,440,1
0,101,1
0,120,1
0,132,1
0,3,1
0,21,2
0,15,1
0,68,1
0,89,1
0,1216,1
0,1,1
0,401,2
0,1,1
0,159,1
0,20,1
0,48,1
0,41,1
0,808,1
0,13,1
0,231,2
0,32,1
0,373,1
0,767,1
0,31,1
0,1754,2
0,71,2
0,46,1
0,1344,2
0,838,4
0,1,1
0,18,1
0,292,2
0,76,2
0,778,2
0,23,2
0,267,1
0,4,1
0,10,1
0,1,1
0,2137,2
0,581,3
0,853,2
0,25,1
0,5,2
0,40,1
0,3896,2
0,1050,1
0,270,1
0,1,1
0,75,2
0,2449,4
0,342,1
0,438,1
0,790,1
0,3877,5
0,11,1
0,496,5
0,40,1
0,6,1
0,1365,1
0,1059,3
0,356,1
0,429,2
0,1,1
0,166,1
0,198,1
0,799,2
0,1019,2
0,688,2
0,70,1
0,242,2
0,5008,5
0,437,1
0,206,1
0,4229,6
0,179,2
0,4022,5
0,1099,2
0,1142,2
0,41,1
0,709,1
0,499,2
0,435,1
0,537,2
0,35,2
0,580,1
0,307,4
0,166,1
0,340,2
0,71,1
0,1717,5
0,4054,6
0,98,1
0,160,1
0,1,1
0,159,1
0,22,2
0,169,1
0,36,1
0,128,1
0,1368,1
0,189,1
0,16,1
0,193,2
0,24,1
0,184,1
0,96,1
0,11,1
0,1,1
0,510,1
0,60,1
0,80,1
0,1,1
0,75,1
0,544,3
0,1,1
0,385,2
0,2429,8
0,2134,3
0,1243,3
0,41,1
0,102,2
0,104,1
0,4233,1
0,1879,2
0,317,1
0,1399,2
0,511,1
0,1695,5
0,1126,2
0,794,4
0,1,1
0,366,3
0,2293,6
0,83,1
0,131,1
0,88,1
0,1,1
0,6,1
0,27,1
0,2834,8
0,42,2
0,796,8
0,35,1
0,430,1
0,3716,6
0,3,1
0,1,1
0,404,1
0,1,1
0,10,1
0,2094,1
0,29,1
0,587,1
0,111,1
0,3,1
0,60,1
0,549,2
0,285,1
0,338,1
0,3793,6
0,333,2
0,31,1
0,751,2
0,1,1
0,1,1
0,47,1
0,769,2
0,88,2
0,123,2
0,1027,1
0,371,1
0,576,2
0,3,1
0,1,1
0,21,1
0,28,1
0,105,1
0,138,1
0,18,1
0,15,1
0,611,1
0,19,1
0,241,1
0,660,1
0,81,1
0,774,1
0,752,1
0,39,1
0,3310,1
0,1604,8
0,1,1
0,31,1
0,334,1
0,281,2
0,1,1
0,6,1
0,124,1
0,518,2
0,33,1
0,131,1
0,1045,2
0,686,2
0,1,1
0,71,1
0,32,1
0,18,1
0,1570,4
0,60,1
0,11,1
0,43,1
0,335,1
0,149,1
0,59,1
0,502,3
0,408,2
0,167,1
0,2176,8
0,690,1
0,128,1
0,85,1
0,459,4
0,359,1
0,152,1
0,11,1
0,47,1
0,846,2
0,1,1
0,125,1
0,29,1
0,101,1
0,1,1
0,14,1
0,113,1
0,11,1
0,2424,3
0,18,1
0,10,2
0,88,1
0,153,1
0,4400,8
0,797,1
0,137,1
0,11,1
0,108,1
0,612,2
0,13,1
0,1233,2
0,69,1
0,25,1
0,53,1
0,20,1
0,439,3
0,4860,4
0,973,1
0,386,1
0,4502,5
0,17,1
0,3097,4
0,45,1
0,136,1
0,91,1
0,752,1
0,1677,1
0,1669,3
0,2031,3
0,131,1
0,611,2
0,1,1
0,100,1
0,1,1
0,10,1
0,5,1
0,158,1
0,60,1
0,13,1
0,21,1
0,67,1
0,364,1
0,16,1
0,868,3
0,425,1
0,1018,1
0,1939,1
0,11,1
0,1,1
0,1752,3
0,511,3
0,11,1
0,21,1
0,41,1
0,49,1
0,11,1
0,51,1
0,21,1
0,321,1
0,868,1
0,1030,2
0,36,2
0,301,1
0,18,1
0,212,5
0,43,1
0,147,1
0,3104,2
0,17,1
0,26,1
0,81,1
0,7,1
0,16,1
0,114,2
0,1332,3
0,6,1
0,23,1
0,15,2
0,2407,8
0,530,2
0,212,2
0,466,1
0,340,2
0,877,2
0,61,1
0,176,1
0,20,2
0,1,1
0,4560,7
0,1450,12
0,1580,2
0,107,1
0,4953,2
0,580,2
0,1,1
0,336,1
0,592,2
0,218,1
0,8,1
0,23,1
0,51,1
0,1055,1
0,4610,1
0,13,1
0,1,1
0,1,1
0,1246,1
0,69,1
0,16,1
0,966,1
0,449,4
0,4,1
0,41,1
0,691,1
0,3469,12
0,533,2
0,348,1
0,400,2
0,11,1
0,185,1
0,1,1
0,360,2
0,1,1
0,2671,5
0,85,1
0,6,1
0,113,2
0,31,1
0,27,2
0,273,1
0,372,2
0,144,1
0,2234,2
0,20,1
0,26,1
0,617,3
0,387,3
0,2040,6
0,6,1
0,103,1
0,75,1
0,15,1
0,105,1
0,15,1
0,69,1
0,901,3
0,1837,7
0,1377,2
0,338,4
0,118,1
0,1738,1
0,112,1
0,31,1
0,1,1
0,313,1
0,1560,1
0,527,1
0,10,1
0,911,1
0,1,1
0,32,2
0,765,3
0,9,1
0,15,1
0,3,1
0,179,2
0,6,1
0,628,1
0,1272,4
0,124,2
0,8,1
0,1094,2
0,683,1
0,6,1
0,638,2
0,11,1
0,1,1
0,11,1
0,71,1
0,1,1
0,149,1
0,3250,7
0,46,1
0,1408,2
0,82,1
0,1,1
0,11,1
0,31,1
0,48,2
0,410,2
0,31,1
0,1,1
0,629,1
0,3612,2
0,93,1
0,24,1
0,2842,3
0,93,1
0,13,1
0,479,3
0,35,1
0,16,1
0,572,1
0,38,1
0,49,1
0,1,1
0,71,1
0,313,3
0,88,1
0,466,5
0,31,1
0,1222,5
0,351,2
0,75,1
0,1021,2
0,21,1
0,2033,3
0,281,1
0,718,2
0,1184,1
0,13,2
0,56,2
0,1,1
0,6,1
0,468,2
0,615,5
0,74,1
0,1255,2
0,33,1
0,402,2
0,58,1
0,78,1
0,23,1
0,1,1
0,118,2
0,63,1
0,429,1
0,6,1
0,417,1
0,485,3
0,536,3
0,164,1
0,538,1
0,899,1
0,2217,3
0,198,1
0,3,1
0,612,2
0,394,1
0,325,1
0,544,1
0,65,1
0,1141,1
0,11,1
0,85,1
0,1690,1
0,1,1
0,1,1
0,3923,17
0,412,1
0,6,1
0,33,1
0,172,2
0,337,1
0,22,2
0,300,1
0,141,1
0,1630,1
0,79,2
0,3,1
0,3,1
0,56,1
0,1415,5
0,1040,4
0,2088,3
0,1291,4
0,65,3
0,11,1
0,6,1
0,8,1
0,13,1
0,1424,3
0,343,2
0,44,1
0,124,3
0,487,1
0,3432,5
0,1471,1
0,46,1
0,85,2
0,4629,3
0,1979,1
0,944,3
0,3,1
0,141,1
0,1782,3
0,389,2
0,11,1
0,2745,7
0,1,1
0,189,1
0,1,1
0,2316,3
0,169,1
0,4513,18
0,201,1
0,1124,1
0,376,5
0,10,1
0,15,1
0,963,2
0,141,1
0,831,1
0,81,1
0,63,1
0,3178,3
0,96,1
0,4979,5
0,22,2
0,609,2
0,15,1
0,11,1
0,1162,3
0,382,1
0,62,1
0,21,1
0,29,1
0,1016,4
0,61,1
0,441,2
0,401,1
0,1153,2
0,448,2
0,2587,1
0,856,3
0,1706,1
0,1061,2
0,66,1
0,1660,1
0,1645,3
0,1,1
0,386,1
0,562,1
0,826,2
0,307,2
0,148,1
0,15,1
0,1,1
0,46,1
0,160,2
0,399,2
0,2597,4
0,21,1
0,151,1
0,631,3
0,171,1
0,63,1
0,11,1
0,1298,1
0,404,1
0,1131,1
0,332,2
0,1,1
0,443,1
0,4,1
0,1,1
0,3284,2
0,21,1
0,2500,4
0,1383,1
0,596,2
0,59,2
0,1354,2
0,23,1
0,96,1
0,434,1
0,3385,9
0,16,1
0,98,2
0,15,1
0,123,1
0,1576,2
0,13,1
0,20,1
0,156,1
0,1,1
0,23,1
0,1408,4
0,2686,2
0,795,1
0,905,1
0,1,1
0,979,1
0,609,1
0,702,1
0,79,1
0,137,2
0,104,2
0,23,1
0,739,1
0,88,1
0,953,2
0,36,1
0,1009,1
0,2136,2
0,668,1
0,23,1
0,417,1
0,97,1
0,90,2
0,1,1
0,20,1
0,708,1
0,36,1
0,2628,6
0,695,3
0,1946,2
0,111,1
0,105,4
0,170,2
0,364,2
0,1008,3
0,376,1
0,60,1
0,11,1
0,4,1
0,1,1
0,1582,1
0,2226,1
0,59,1
0,1790,9
0,637,1
0,392,1
0,384,1
0,87,1
0,1,1
0,54,1
0,16,1
0,725,2
0,1495,1
0,31,1
0,158,1
0,2370,1
0,147,2
0,9,1
0,1,1
0,173,1
0,797,1
0,28,1
0,122,1
0,117,1
0,463,1
0,19,1
0,405,2
0,8,1
0,538,2
0,346,1
0,390,4
0,99,1
0,6,1
0,313,2
0,31,1
0,33,2
0,30,1
0,480,4
0,10,1
0,1276,2
0,1112,4
0,345,2
0,277,1
0,914,1
0,1198,2
0,2417,3
0,11,1
0,1203,2
0,143,1
0,92,1
0,1052,3
0,190,1
0,365,1
0,180,1
0,11,1
0,164,1
0,168,1
0,335,2
0,373,1
0,339,1
0,122,1
0,522,1
0,28,1
0,3600,11
0,78,2
0,60,1
0,190,1
0,1257,6
0,11,1
0,15,2
0,778,2
0,1,1
0,127,1
0,39,1
0,6,1
0,771,3
0,6,1
0,134,1
0,275,1
0,1,1
0,35,1
0,3391,7
0,1494,4
0,1904,1
0,111,2
0,13,2
0,36,1
0,3960,3
0,575,1
0,19,1
0,68,1
0,202,1
0,1,1
0,704,1
0,303,3
0,1512,1
0,3,1
0,372,1
0,97,1
0,537,1
0,24,1
0,1848,1
0,79,1
0,841,3
0,81,1
0,619,1
0,411,1
0,1717,2
0,45,1
0,3056,3
0,4,1
0,1,1
0,8,1
0,958,1
0,2957,2
0,41,1
0,832,1
0,17,1
0,625,2
0,147,1
0,361,1
0,27,1
0,849,1
0,38,2
0,2408,3
0,269,1
0,30,1
0,360,1
0,22,1
0,1,1
0,325,1
0,3,1
0,662,1
0,133,1
0,98,1
0,13,1
0,135,1
0,788,7
0,9,1
0,47,1
0,1,1
0,100,3
0,4675,3
0,31,1
0,1353,2
0,46,1
0,1549,4
0,691,1
0,465,1
0,484,1
0,11,1
0,232,1
0,13,1
0,86,1
0,992,1
0,528,1
0,46,1
0,13,1
0,36,1
0,36,1
0,23,1
0,71,1
0,43,1
0,66,1
0,2068,2
0,19,1
0,183,1
0,841,8
0,176,2
0,302,1
0,967,2
0,28,1
0,21,1
0,1,1
0,2898,2
0,167,1
0,2814,2
0,74,2
0,1219,3
0,738,1
0,1,1
0,402,1
0,1255,1
0,748,1
0,197,1
0,1416,1
0,1808,2
0,862,4
0,13,1
0,553,2
0,4,1
0,721,2
0,672,2
0,61,1
0,670,1
0,686,1
0,2058,1
0,10,1
0,1,1
0,43,1
0,201,2
0,91,1
0,1940,7
0,1069,2
0,2450,2
0,8,1
0,23,1
0,6,1
0,51,1
0,11,1
0,9,1
0,650,5
0,182,4
0,55,2
0,3586,10
0,21,1
0,382,1
0,1510,4
0,499,1
0,58,1
0,296,1
0,4149,1
0,4218,7
0,34,1
0,1317,3
0,11,1
0,8,1
0,1,1
0,1,1
0,63,1
0,951,1
0,40,1
0,561,1
0,1,1
0,1789,3
0,475,1
0,95,1
0,19,1
0,1545,3
0,178,1
0,21,1
0,194,1
0,2324,4
0,1162,3
0,14,1
0,18,1
0,6,1
0,6,1
0,35,3
0,997,1
0,326,1
0,1001,3
0,558,3
0,4960,5
0,1,1
0,3,1
0,6,1
0,413,3
0,43,1
0,61,1
0,1477,5
0,130,2
0,137,1
0,46,1
0,20,1
0,338,1
0,352,2
0,49,1
0,3549,13
0,11,1
0,707,4
0,346,1
0,419,1
0,16,1
0,1,1
0,481,1
0,6,1
0,526,1
0,129,2
0,1,1
0,69,1
0,1,1
0,1403,4
0,31,2
0,86,1
0,1725,2
0,8,1
0,57,1
0,4,1
0,716,1
0,494,2
0,28,2
0,2246,9
0,46,1
0,16,1
0,677,1
0,1836,2
0,1,1
0,313,4
0,337,1
0,238,1
0,1242,5
0,1,1
0,2316,1
0,1035,1
0,1460,5
0,371,1
0,1,1
0,369,1
0,1,1
0,6,1
0,3004,3
0,411,1
0,31,1
0,864,1
0,78,1
0,846,1
0,488,1
0,1271,2
0,70,1
0,1323,2
0,13,1
0,1,1
0,4277,12
0,98,1
0,1,1
0,843,1
0,488,1
0,43,1
0,499,1
0,68,1
0,347,1
0,89,2
0,470,2
0,405,1
0,19,1
0,36,1
0,23,1
0,133,2
0,3463,9
0,52,1
0,4852,5
0,1653,1
0,907,1
0,11,1
0,70,1
0,187,2
0,397,2
0,50,1
0,1298,1
0,66,1
0,551,2
0,1166,1
0,1,1
0,320,2
0,143,2
0,761,3
0,583,3
0,131,1
0,6,1
0,86,1
0,414,1
0,1,1
0,63,1
0,46,1
0,5,1
0,183,1
0,11,1
0,427,2
0,167,1
0,10,1
0,132,1
0,1,1
0,178,1
0,2756,4
0,1,1
0,11,1
0,5009,5
0,2003,4
0,355,2
0,50,1
0,66,1
0,96,1
0,64,1
0,377,2
0,1,1
0,633,1
0,64,1
0,17,1
0,173,1
0,218,1
0,1,1
0,1450,2
0,467,1
0,1846,5
0,173,2
0,176,5
0,248,1
0,11,1
0,42,1
0,1687,6
0,1315,5
0,15,1
0,13,1
0,364,1
0,504,1
0,255,1
0,671,1
0,11,1
0,1200,1
0,943,2
0,43,1
0,68,1
0,212,1
0,3865,4
0,16,1
0,35,1
0,1,1
0,1,1
0,42,1
0,6,1
0,172,1
0,273,2
0,959,1
0,40,1
0,1594,1
0,83,1
0,1699,3
0,74,2
0,1349,4
0,6,1
0,11,1
0,1,1
0,120,1
0,446,3
0,388,2
0,217,1
0,11,1
0,21,1
0,317,1
0,32,1
0,6,1
0,21,1
0,21,1
0,9,1
0,2696,1
0,159,1
0,38,2
0,188,2
0,46,2
0,71,1
0,26,1
0,33,1
0,3016,6
0,604,1
0,150,2
0,1687,1
0,113,1
0,71,1
0,28,1
0,61,1
0,96,1
0,90,2
0,11,1
0,345,1
0,2863,3
0,104,1
0,448,1
0,1018,2
0,453,3
0,68,1
0,41,2
0,66,1
0,179,1
0,3486,6
0,84,1
0,123,2
0,1388,3
0,25,1
0,55,1
0,978,2
0,2184,3
0,528,1
0,671,2
0,1,1
0,18,1
0,44,1
0,1033,1
0,1057,1
0,370,1
0,3135,4
0,307,3
0,72,1
0,1390,2
0,1560,3
0,192,1
0,314,2
0,1802,3
0,1659,2
0,11,1
0,470,5
0,1195,2
0,502,1
0,92,1
0,1094,3
0,4,1
0,54,1
0,565,2
0,151,2
0,48,1
0,44,1
0,67,2
0,196,2
0,295,3
0,16,1
0,3,1
0,8,1
0,1,1
0,1228,1
0,2201,7
0,30,1
0,33,1
0,1079,5
0,182,2
0,359,1
0,18,1
0,26,1
0,46,1
0,1130,7
0,14,1
0,445,2
0,86,1
0,1507,1
0,211,1
0,494,3
0,113,1
0,178,2
0,67,1
0,407,1
0,353,1
0,2100,4
0,706,3
0,2401,1
0,74,2
0,10,1
0,542,1
0,21,1
0,6,1
0,1,1
0,9,2
0,25,1
0,5,1
0,1,1
0,28,1
0,63,1
0,2009,4
0,152,1
0,335,1
0,360,2
0,354,2
0,3281,4
0,2664,1
0,131,1
0,586,1
0,48,1
0,1419,1
0,7,1
0,312,1
0,760,2
0,1008,2
0,17,1
0,119,1
0,408,1
0,1210,2
0,12,1
0,37,2
0,2419,3
0,3,1
0,518,3
0,1294,1
0,21,1
0,103,1
0,4901,10
0,24,1
0,783,1
0,6,1
0,966,3
0,203,2
0,748,3
0,331,1
0,446,1
0,22,1
0,387,1
0,81,1
0,18,2
0,1629,5
0,15,1
0,350,1
0,29,1
0,86,2
0,574,1
0,6,1
0,101,1
0,117,1
0,711,4
0,137,1
0,314,3
0,41,1
0,470,2
0,1,1
0,169,1
0,40,1
0,309,1
0,8,1
0,46,1
0,10,1
0,55,1
0,6,1
0,2059,8
0,160,1
0,3471,6
0,28,1
0,130,1
0,169,1
0,373,1
0,2160,6
0,38,2
0,55,1
0,32,2
0,19,1
0,395,3
0,1359,8
0,28,1
0,17,1
0,44,1
0,136,1
0,56,1
0,58,1
0,5025,8
0,62,1
0,2097,1
0,21,2
0,6,1
0,544,2
0,96,1
0,188,3
0,586,1
0,6,1
0,80,1
0,55,1
0,3,1
0,1640,2
0,3,1
0,11,1
0,121,1
0,229,1
0,556,2
0,127,1
0,6,1
0,125,3
0,1064,1
0,23,1
0,183,2
0,6,1
0,3062,3
0,3,1
0,24,1
0,517,1
0,1873,3
0,141,1
0,116,1
0,836,2
0,65,1
0,68,1
0,28,1
0,897,1
0,81,1
0,1,1
0,731,6
0,67,1
0,607,3
0,759,2
0,700,4
0,2066,6
0,492,1
0,6,1
0,16,1
0,27,1
0,314,1
0,1,1
0,59,2
0,21,1
0,21,1
0,561,1
0,135,2
0,489,1
0,223,1
0,1,1
0,427,1
0,89,2
0,3494,4
0,18,1
0,11,1
0,497,3
0,2532,3
0,2487,3
0,918,1
0,74,1
0,10,1
0,11,1
0,36,1
0,11,1
0,178,1
0,86,1
0,360,1
0,203,2
0,12,2
0,279,1
0,104,1
0,1,1
0,11,1
0,1568,1
0,24,2
0,113,1
0,1175,1
0,713,1
0,118,3
0,38,1
0,73,1
0,721,1
0,407,1
0,484,1
0,28,3
0,119,1
0,132,1
0,13,1
0,69,1
0,56,2
0,21,1
0,211,2
0,413,1
0,2168,1
0,900,2
0,35,2
0,66,2
0,421,1
0,10,1
0,8,1
0,3098,2
0,329,3
0,6,1
0,835,3
0,1,1
0,8,1
0,15,1
0,56,1
0,1064,1
0,418,1
0,194,1
0,54,1
0,1,1
0,1,1
0,2821,6
0,36,1
0,16,1
0,44,1
0,570,2
0,175,1
0,1,1
0,1471,3
0,18,1
0,125,1
0,24,1
0,62,1
0,36,1
0,2524,4
0,80,1
0,1145,3
0,67,1
0,661,1
0,28,1
0,53,1
0,16,1
0,1554,1
0,199,1
0,1170,4
0,1250,2
0,65,1
0,342,3
0,232,1
0,16,1
0,3098,2
0,798,2
0,1075,2
0,1588,8
0,316,1
0,51,1
0,85,1
0,114,2
0,602,5
0,37,1
0,1269,1
0,599,3
0,344,1
0,11,1
0,565,1
0,225,2
0,332,1
0,24,2
0,138,2
0,356,2
0,34,1
0,3,1
0,21,1
0,106,3
0,984,1
0,334,1
0,614,2
0,503,2
0,11,1
0,56,1
0,4506,4
0,6,1
0,31,1
0,21,1
0,165,1
0,319,1
0,480,1
0,688,1
0,8,1
0,81,1
0,19,1
0,77,1
0,30,1
0,16,1
0,690,2
0,125,1
0,226,1
0,11,1
0,108,1
0,355,1
0,23,1
0,1,1
0,176,1
0,29,1
0,3,1
0,3,2
0,492,1
0,6,1
0,1986,4
0,1078,4
0,66,1
0,662,2
0,584,1
0,121,1
0,21,1
0,184,1
0,21,1
0,160,1
0,696,1
0,348,1
0,4,1
0,40,1
0,312,2
0,378,1
0,171,1
0,146,1
0,131,2
0,243,1
0,36,2
0,1,1
0,1222,3
0,309,1
0,6,1
0,777,4
0,58,1
0,14,1
0,431,1
0,38,2
0,69,2
0,48,1
0,518,1
0,111,2
0,11,1
0,3,1
0,213,2
0,199,3
0,351,1
0,301,3
0,111,1
0,101,1
0,6,1
0,32,1
0,71,1
0,662,5
0,2241,2
0,2265,4
0,2211,4
0,139,1
0,746,3
0,490,1
0,25,1
0,479,1
0,748,3
0,149,2
0,153,2
0,9,1
0,76,1
0,1165,1
0,305,1
0,337,2
0,6,1
0,21,1
0,188,2
0,1408,3
0,362,1
0,32,1
0,1,1
0,1,1
0,1,1
0,1,1
0,966,2
0,36,1
0,1010,2
0,18,2
0,21,1
0,65,1
0,344,2
0,31,1
0,52,1
0,191,1
0,36,1
0,16,1
0,3,1
0,100,1
0,1,1
0,167,1
0,83,2
0,131,2
0,122,1
0,454,4
0,121,1
0,1222,2
0,545,2
0,1,1
0,330,1
0,38,1
0,89,1
0,11,1
0,14,1
0,68,1
0,255,1
0,1,1
0,1508,3
0,3,1
0,38,1
0,32,1
0,289,1
0,186,2
0,653,1
0,1336,2
0,107,2
0,83,1
0,1,1
0,1466,3
0,721,3
0,28,1
0,1272,4
0,161,1
0,61,1
0,1,1
0,51,1
0,1526,4
0,13,2
0,11,1
0,11,2
0,928,8
0,4931,11
0,78,1
0,217,1
0,310,1
0,615,1
0,636,2
0,19,1
0,1297,1
0,1008,2
0,1,1
0,11,1
0,22,1
0,556,2
0,31,1
0,3016,8
0,2520,3
0,139,1
0,92,1
0,103,1
0,99,1
0,1,1
0,1,1
0,660,7
0,37,1
0,48,2
0,1,1
0,108,1
0,566,1
0,1027,1
0,350,1
0,198,2
0,63,1
0,21,2
0,1,2
0,836,3
0,685,1
0,204,1
0,1104,3
0,486,1
0,380,5
0,58,2
0,100,1
0,19,1
0,552,1
0,180,1
0,4342,4
0,1,1
0,27,1
0,117,2
0,2497,6
0,523,1
0,54,1
0,6,1
0,44,1
0,391,2
0,531,1
0,6,1
0,2310,3
0,150,1
0,264,1
0,548,1
0,1,1
0,11,1
0,30,1
0,81,2
0,35,1
0,3744,4
0,62,3
0,107,2
0,46,1
0,520,8
0,3207,4
0,548,5
0,440,1
0,67,1
0,624,1
0,36,2
0,287,1
0,301,1
0,155,1
0,759,2
0,1437,2
0,1,1
0,569,2
0,8,1
0,1,1
0,96,1
0,3,1
0,160,2
0,1386,4
0,411,1
0,1246,3
0,133,2
0,1272,2
0,48,1
0,111,1
0,11,1
0,1,1
0,1382,1
0,664,1
0,138,1
0,1115,6
0,1,1
0,116,1
0,5,1
0,4407,1
0,6,1
0,62,1
0,1,1
0,21,1
0,488,3
0,16,1
0,4968,11
0,1850,5
0,3079,7
0,1,1
0,67,1
0,66,1
0,455,2
0,154,1
0,579,1
0,46,3
0,1,1
0,142,3
0,802,1
0,1332,1
0,6,1
0,111,1
0,11,1
0,1,1
0,1,1
0,101,1
0,510,1
0,381,1
0,714,1
0,89,1
0,47,1
0,73,1
0,353,1
0,1864,8
0,508,8
0,1,1
0,15,1
0,1,1
0,4977,3
0,1706,2
0,795,1
0,891,1
0,540,2
0,4841,3
0,4189,5
0,33,1
0,13,1
0,1,1
0,21,1
0,11,1
0,559,1
0,1,1
0,550,2
0,491,1
0,161,1
0,415,2
0,743,5
0,7,1
0,706,1
0,57,1
0,31,1
0,11,1
0,31,1
0,70,2
0,1145,1
0,320,1
0,31,1
0,513,1
0,158,1
0,741,3
0,1087,1
0,908,3
0,3324,3
0,458,2
0,661,2
0,88,1
0,148,1
0,159,1
0,26,1
0,11,2
0,21,1
0,3,1
0,31,1
0,1688,1
0,81,1
0,1359,2
0,71,1
0,1,1
0,21,1
0,3,1
0,1,1
0,217,1
0,78,1
0,1,1
0,1333,4
0,21,1
0,3681,11
0,1587,3
0,2179,6
0,28,1
0,476,1
0,51,1
0,4,1
0,41,1
0,11,1
0,35,1
0,199,1
0,130,1
0,1,1
0,2403,2
0,2225,6
0,1,1
0,528,1
0,387,1
0,787,4
0,431,2
0,38,1
0,1131,4
0,21,1
0,304,2
0,10,1
0,658,2
0,1,1
0,51,1
0,853,2
0,3320,8
0,44,1
0,23,1
0,294,1
0,99,1
0,181,2
0,889,3
0,6,1
0,1,1
0,1942,9
0,15,1
0,125,1
0,26,1
0,6,1
0,382,1
0,746,1
0,1711,1
0,29,1
0,122,1
0,637,1
0,25,1
0,2820,8
0,5,1
0,1,1
0,1293,1
0,11,1
0,1475,2
0,798,1
0,81,1
0,526,1
0,549,2
0,122,3
0,409,1
0,2528,4
0,51,1
0,6,1
0,161,1
0,2649,1
0,249,1
0,81,1
0,648,1
0,4338,1
0,14,1
0,66,1
0,21,1
0,37,2
0,253,1
0,11,1
0,457,1
0,395,1
0,2571,3
0,17,1
0,50,1
0,132,1
0,1531,3
0,1,1
0,44,1
0,29,1
0,1801,2
0,43,1
0,1,1
0,56,2
0,741,1
0,323,1
0,36,1
0,53,1
0,17,1
0,1,1
0,16,1
0,109,1
0,55,1
0,1821,4
0,15,1
0,644,1
0,731,5
0,8,1
0,808,1
0,550,1
0,3,1
0,15,1
0,1,1
0,33,1
0,11,1
0,6,1
0,38,1
0,652,1
0,11,1
0,1481,6
0,729,1
0,96,3
0,1137,3
0,870,1
0,112,1
0,1983,1
0,814,1
0,11,1
0,26,1
0,1001,2
0,14,1
0,58,1
0,392,1
0,199,1
0,11,1
0,1,1
0,215,3
0,93,1
0,314,1
0,509,2
0,56,1
0,2287,1
0,21,1
0,580,3
0,1883,3
0,3992,7
0,27,1
0,43,1
0,178,1
0,15,1
0,2046,6
0,21,1
0,1907,1
0,117,2
0,389,2
0,41,1
0,2090,2
0,14,1
0,154,2
0,486,2
0,6,1
0,772,1
0,36,1
0,5,1
0,1277,3
0,218,2
0,2762,1
0,4461,6
0,164,1
0,31,1
0,21,1
0,391,2
0,392,2
0,1823,2
0,1997,1
0,469,1
0,1516,1
0,1011,1
0,150,1
0,1,1
0,3396,5
0,97,1
0,1,1
0,41,1
0,80,1
0,110,1
0,530,2
0,58,1
0,134,1
0,2115,7
0,4072,5
0,1,1
0,42,1
0,346,4
0,414,1
0,78,1
0,86,1
0,321,1
0,872,4
0,195,2
0,1,1
0,1,2
0,354,1
0,1,1
0,3871,4
0,59,1
0,1,1
0,3,1
0,674,2
0,127,2
0,13,1
0,191,2
0,428,1
0,488,1
0,1403,1
0,209,1
0,479,1
0,1,1
0,399,2
0,314,1
0,1464,6
0,53,3
0,351,3
0,6,1
0,52,1
0,549,2
0,2474,13
0,3,1
0,1,1
0,518,3
0,253,1
0,1159,8
0,376,3
0,6,1
0,1874,1
0,492,4
0,1243,2
0,5,1
0,651,4
0,169,2
0,39,1
0,30,1
0,19,1
0,89,1
0,11,1
0,36,1
0,1,1
0,1047,2
0,104,1
0,145,2
0,61,1
0,317,2
0,4040,4
0,710,2
0,11,1
0,108,1
0,3560,4
0,198,1
0,396,1
0,49,1
0,76,1
0,363,2
0,1531,2
0,485,3
0,1,1
0,726,1
0,3895,3
0,1595,3
0,612,1
0,3044,1
0,1028,1
0,1048,4
0,161,2
0,2662,1
0,444,2
0,11,1
0,617,1
0,43,1
0,1207,1
0,527,1
0,458,5
0,340,2
0,56,2
0,68,1
0,672,1
0,18,1
0,961,1
0,1,1
0,61,2
0,148,1
0,31,1
0,123,1
0,217,3
0,58,1
0,999,5
0,157,1
0,1287,5
0,2241,4
0,1399,3
0,65,1
0,30,1
0,2817,6
0,76,1
0,90,1
0,67,1
0,11,1
0,1092,1
0,89,1
0,130,1
0,2062,2
0,617,1
0,124,1
0,1,1
0,91,1
0,562,1
0,1,1
0,56,1
0,608,2
0,205,1
0,2062,2
0,6,1
0,90,2
0,1,1
0,1,1
0,28,2
0,185,1
0,739,4
0,416,1
0,674,4
0,2079,3
0,15,1
0,786,1
0,15,1
0,1,1
0,69,1
0,663,3
0,153,1
0,31,1
0,25,1
0,1,1
0,31,1
0,662,2
0,1429,10
0,10,1
0,37,2
0,763,1
0,135,2
0,43,1
0,3743,2
0,730,4
0,3286,8
0,6,1
0,1186,2
0,79,1
0,4,1
0,139,1
0,11,1
0,1807,3
0,3,1
0,455,2
0,130,1
0,883,3
0,3232,5
0,74,1
0,39,1
0,45,1
0,370,1
0,242,1
0,104,1
0,40,2
0,2459,4
0,1556,3
0,1080,2
0,365,3
0,1,1
0,231,1
0,61,1
0,176,1
0,21,1
0,5,1
0,1246,2
0,863,1
0,88,2
0,8,1
0,1128,1
0,141,1
0,1,1
0,36,1
0,168,1
0,1,1
0,1,1
0,1735,3
0,2182,1
0,161,3
0,178,1
0,13,1
0,649,1
0,2,1
0,1735,1
0,358,1
0,4632,3
0,25,1
0,137,1
0,72,4
0,45,2
0,21,1
0,4725,5
0,30,2
0,35,1
0,1,1
0,127,2
0,66,1
0,186,1
0,81,1
0,36,1
0,45,1
0,156,1
0,131,1
0,54,1
0,67,1
0,326,1
0,61,1
0,2075,2
0,1,2
0,97,1
0,241,1
0,52,2
0,1031,4
0,2095,3
0,36,1
0,668,2
0,15,1
0,2245,4
0,46,1
0,48,1
0,35,1
0,20,1
0,70,1
0,93,1
0,2754,4
0,12,1
0,81,2
0,98,1
0,42,1
0,155,1
0,26,1
0,619,1
0,94,2
0,585,1
0,3,1
0,2622,1
0,1616,3
0,164,2
0,3,1
0,1033,1
0,881,6
0,2,1
0,27,1
0,2473,3
0,7,1
0,499,1
0,3431,5
0,36,1
0,3875,3
0,1275,1
0,1,1
0,461,1
0,592,1
0,1014,1
0,104,1
0,11,1
0,123,2
0,4620,20
0,21,1
0,50,1
0,121,1
0,401,1
0,98,1
0,3771,2
0,390,1
0,1803,1
0,3517,1
0,1,1
0,31,1
0,5,1
0,53,1
0,146,1
0,389,2
0,297,1
0,174,1
0,1,2
0,46,1
0,95,1
0,1496,1
0,4163,1
0,83,1
0,1,1
0,170,2
0,83,1
0,388,2
0,36,1
0,1686,3
0,1,1
0,195,1
0,3,1
0,59,1
0,35,1
0,141,1
0,36,1
0,14,1
0,93,1
0,8,1
0,228,3
0,1,1
0,16,1
0,823,1
0,3959,1
0,513,1
0,31,1
0,171,4
0,546,1
0,1266,1
0,160,2
0,75,1
0,1157,2
0,180,1
0,26,1
0,11,1
0,1777,7
0,1905,1
0,21,1
0,1504,4
0,567,1
0,16,1
0,69,1
0,3062,6
0,3359,3
0,1015,7
0,451,1
0,81,1
0,2380,4
0,174,1
0,423,2
0,5,1
0,82,1
0,1,1
0,185,1
0,2520,3
0,88,1
0,910,7
0,943,2
0,1,1
0,16,1
0,29,1
0,354,4
0,331,1
0,25,1
0,379,2
0,69,1
0,890,3
0,51,1
0,893,2
0,23,1
0,117,1
0,75,1
0,391,1
0,101,1
0,42,1
0,42,1
0,194,1
0,1,1
0,1208,4
0,116,2
0,16,1
0,416,2
0,29,1
0,599,1
0,16,1
0,13,1
0,4172,5
0,1,1
0,303,1
0,28,1
0,53,1
0,569,2
0,490,2
0,2863,3
0,81,2
0,879,1
0,1,1
0,171,2
0,1083,5
0,1,1
0,23,1
0,148,2
0,54,2
0,6,1
0,6,1
0,36,2
0,48,1
0,750,3
0,80,2
0,10,2
0,21,1
0,9,1
0,1466,3
0,11,1
0,315,1
0,87,2
0,1,1
0,78,1
0,11,1
0,18,1
0,902,1
0,16,1
0,1987,6
0,1,1
0,2439,1
0,291,2
0,1,1
0,75,1
0,343,1
0,31,2
0,2036,5
0,11,1
0,458,1
0,74,1
0,11,1
0,112,2
0,253,1
0,317,1
0,396,5
0,15,1
0,20,1
0,161,1
0,3,1
0,31,1
0,3,1
0,16,1
0,199,1
0,117,1
0,344,1
0,697,1
0,70,2
0,3,1
0,115,1
0,1,1
0,6,1
0,2165,3
0,198,2
0,650,1
0,1,1
0,123,3
0,82,2
0,180,1
0,110,1
0,113,1
0,4697,7
0,312,1
0,1238,5
0,980,1
0,146,1
0,783,1
0,1,1
0,1,1
0,520,3
0,171,1
0,135,2
0,3137,4
0,218,1
0,1167,1
0,591,3
0,986,2
0,312,2
0,92,1
0,3348,1
0,136,1
0,589,2
0,1023,1
0,37,1
0,128,1
0,26,1
0,838,3
0,85,1
0,8,1
0,94,1
0,173,1
0,1,1
0,3839,7
0,379,3
0,1,1
0,1102,4
0,562,1
0,6,1
0,70,1
0,308,1
0,5,1
0,3331,2
0,4892,5
0,13,1
0,6,1
0,1,1
0,1729,1
0,179,1
0,862,1
0,394,1
0,635,1
0,11,1
0,114,1
0,4487,5
0,22,1
0,1164,2
0,2733,2
0,372,1
0,442,1
0,1,1
0,44,1
0,3431,4
0,23,1
0,1027,3
0,3850,10
0,8,1
0,353,2
0,11,1
0,2035,4
0,319,1
0,195,1
0,16,1
0,104,2
0,251,2
0,195,1
0,100,2
0,34,4
0,523,2
0,95,1
0,580,1
0,24,1
0,447,2
0,720,1
0,1041,1
0,94,1
0,3977,2
0,381,3
0,3,1
0,1499,1
0,1,1
0,168,1
0,2833,1
0,95,1
0,652,2
0,11,1
0,1,1
0,255,2
0,150,1
0,1,1
0,645,2
0,5,1
0,11,1
0,4053,8
0,159,1
0,48,3
0,1,1
0,138,1
0,960,1
0,313,3
0,6,1
0,759,1
0,2637,7
0,6,1
0,51,1
0,125,1
0,1225,2
0,1110,1
0,194,1
0,519,1
0,26,1
0,31,1
0,63,1
0,1,2
0,81,1
0,4,1
0,6,1
0,318,2
0,531,1
0,26,1
0,17,1
0,297,1
0,274,2
0,654,2
0,4297,6
0,6,1
0,324,1
0,84,1
0,55,2
0,26,1
0,111,1
0,46,1
0,4256,7
0,1338,5
0,974,1
0,304,1
0,332,1
0,2446,8
0,508,1
0,1869,2
0,151,3
0,25,1
0,11,1
0,62,2
0,159,1
0,3320,1
0,580,4
0,105,1
0,13,1
0,23,1
0,16,1
0,106,1
0,3855,4
0,131,2
0,399,1
0,513,3
0,36,1
0,416,1
0,541,2
0,9,1
0,1458,3
0,26,1
0,2397,3
0,1,1
0,5054,6
0,1366,1
0,20,1
0,86,1
0,210,1
0,4,1
0,2736,3
0,6,1
0,210,1
0,127,2
0,763,4
0,620,2
0,485,1
0,41,1
0,285,1
0,1,1
0,86,1
0,180,1
0,80,1
0,99,1
0,945,2
0,18,1
0,11,1
0,1,1
0,4514,1
0,311,1
0,98,1
0,330,1
0,1,1
0,1445,1
0,8,1
0,6,1
0,9,1
0,411,1
0,2391,3
0,1,1
0,6,1
0,1829,2
0,111,1
0,128,2
0,453,2
0,46,1
0,40,1
0,33,1
0,153,3
0,265,1
0,28,1
0,429,1
0,585,2
0,4310,5
0,175,3
0,963,1
0,1118,2
0,11,1
0,156,1
0,1,1
0,109,1
0,6,1
0,1394,2
0,263,3
0,234,1
0,185,1
0,8,1
0,118,1
0,1,1
0,96,1
0,104,1
0,254,1
0,39,1
0,3095,2
0,4016,1
0,96,1
0,85,2
0,248,1
0,46,1
0,571,1
0,1173,3
0,1014,4
0,26,1
0,1,1
0,2285,5
0,431,2
0,1,1
0,19,1
0,305,1
0,26,1
0,1138,2
0,42,1
0,94,2
0,1,1
0,1015,1
0,37,1
0,121,2
0,3080,4
0,38,1
0,56,1
0,16,1
0,1091,2
0,840,2
0,331,1
0,33,1
0,1,1
0,4666,3
0,4457,2
0,108,1
0,1,1
0,1387,1
0,724,2
0,11,1
0,31,1
0,2,1
0,472,1
0,157,1
0,26,1
0,161,1
0,72,1
0,93,2
0,140,1
0,95,1
0,1441,7
0,8,1
0,761,6
0,42,1
0,54,2
0,1429,7
0,944,4
0,1,1
0,800,1
0,49,1
0,917,2
0,6,1
0,658,5
0,1,1
0,44,2
0,33,1
0,272,1
0,4121,7
0,398,1
0,22,1
0,196,1
0,332,1
0,122,1
0,426,1
0,684,1
0,1336,4
0,6,1
0,303,3
0,85,1
0,64,3
0,15,1
0,114,1
0,845,3
0,195,3
0,33,1
0,332,3
0,189,2
0,555,1
0,1183,8
0,77,1
0,57,2
0,11,1
0,3824,1
0,661,2
0,100,1
0,1300,3
0,3590,4
0,429,1
0,1,1
0,88,1
0,3232,3
0,21,1
0,1110,1
0,68,1
0,45,1
0,174,1
0,2301,1
0,3172,6
0,1105,3
0,21,1
0,95,1
0,1,1
0,778,2
0,2044,3
0,224,2
0,28,1
0,11,2
0,25,1
0,2739,4
0,111,1
0,333,3
0,203,1
0,28,2
0,2410,1
0,29,2
0,36,1
0,677,1
0,923,1
0,37,2
0,46,3
0,36,1
0,6,1
0,26,1
0,185,1
0,3703,6
0,165,1
0,1922,1
0,642,1
0,483,2
0,6,1
0,9,1
0,2365,7
0,171,1
0,153,1
0,720,3
0,1536,1
0,127,1
0,1700,2
0,26,1
0,190,2
0,3,1
0,389,2
0,92,2
0,191,1
0,88,1
0,85,2
0,53,1
0,19,1
0,814,2
0,131,1
0,21,1
0,544,1
0,6,1
0,541,1
0,131,1
0,1,1
0,505,1
0,2453,7
0,1152,2
0,1269,7
0,5,1
0,50,1
0,30,1
0,406,1
0,697,1
0,1440,5
0,53,1
0,76,2
0,25,1
0,472,1
0,39,1
0,2140,5
0,93,2
0,51,1
0,4700,11
0,45,1
0,1,1
0,98,1
0,1,1
0,16,1
0,22,1
0,14,1
0,6,1
0,11,1
0,2292,2
0,2561,4
0,312,2
0,1721,3
0,338,2
0,11,1
0,299,2
0,6,1
0,2765,7
0,144,2
0,81,1
0,10,1
0,33,1
0,659,1
0,2249,2
0,96,2
0,15,1
0,2585,1
0,4891,13
0,11,1
0,1,1
0,571,1
0,78,1
0,30,1
0,31,1
0,136,1
0,10,1
0,2607,7
0,360,1
0,162,2
0,21,1
0,507,1
0,81,1
0,274,2
0,1,1
0,6,1
0,51,1
0,62,1
0,5041,3
0,41,1
0,686,1
0,38,1
0,4335,8
0,394,2
0,130,1
0,23,1
0,605,6
0,1724,5
0,21,1
0,746,1
0,31,1
0,328,1
0,170,1
0,59,1
0,1,1
0,187,1
0,8,1
0,677,3
0,1918,4
0,15,1
0,1315,2
0,391,1
0,205,3
0,524,1
0,329,1
0,670,1
0,533,2
0,18,1
0,30,1
0,21,1
0,361,1
0,341,1
0,180,2
0,37,1
0,108,1
0,18,1
0,901,3
0,3803,7
0,397,1
0,871,1
0,28,1
0,8,1
0,4935,9
0,513,1
0,570,3
0,25,1
0,1165,1
0,99,2
0,13,1
0,711,1
0,1477,1
0,1,1
0,2198,15
0,1,1
0,883,4
0,1424,2
0,11,1
0,199,1
0,1,1
0,1484,3
0,30,1
0,951,3
0,58,1
0,2263,4
0,96,2
0,49,2
0,541,1
0,1,1
0,1287,2
0,85,1
0,1,1
0,35,1
0,50,1
0,41,1
0,1331,3
0,347,1
0,13,1
0,57,1
0,1,1
0,1324,1
0,1,1
0,1446,3
0,297,1
0,1,1
0,495,2
0,3207,13
0,201,2
0,574,1
0,322,1
0,306,1
0,1,2
0,94,1
0,65,2
0,46,1
0,33,1
0,447,2
0,185,1
0,452,1
0,1219,2
0,51,1
0,3334,1
0,267,1
0,3,1
0,88,1
0,1438,2
0,574,2
0,183,1
0,711,4
0,319,3
0,50,1
0,960,1
0,50,2
0,162,1
0,57,1
0,86,1
0,1,1
0,11,1
0,22,1
0,518,1
0,136,1
0,32,2
0,241,1
0,147,1
0,6,1
0,21,1
0,916,3
0,3821,4
0,20,1
0,407,1
0,9,1
0,568,1
0,546,1
0,782,1
0,2457,2
0,1,1
0,23,2
0,1,1
0,352,2
0,565,1
0,3,1
0,1776,4
0,1,1
0,2382,3
0,99,1
0,31,1
0,2556,2
0,6,1
0,26,1
0,81,1
0,8,1
0,1447,1
0,29,1
0,13,1
0,7,1
0,529,1
0,6,1
0,2159,1
0,18,1
0,151,1
0,2927,3
0,341,1
0,26,1
0,11,1
0,104,1
0,1,1
0,1,1
0,3,1
0,376,1
0,3,1
0,314,1
0,159,1
0,311,1
0,116,1
0,56,1
0,107,1
0,15,1
0,35,1
0,207,1
0,1132,4
0,11,1
0,195,1
0,52,1
0,475,1
0,82,3
0,4,2
0,150,2
0,89,1
0,384,1
0,1438,1
0,57,1
0,4369,3
0,2525,8
0,4,2
0,142,1
0,1140,1
0,8,1
0,39,1
0,83,2
0,1320,4
0,69,1
0,63,2
0,650,1
0,416,1
0,1177,1
0,814,1
0,812,4
0,56,1
0,117,1
0,4294,4
0,150,2
0,637,1
0,34,1
0,1473,2
0,417,1
0,33,1
0,4915,1
0,520,6
0,14,1
0,1405,4
0,905,1
0,16,1
0,441,1
0,1,1
0,1695,1
0,1,1
0,25,1
0,390,1
0,626,2
0,1361,1
0,563,1
0,862,3
0,566,2
0,878,1
0,1797,3
0,1018,4
0,136,1
0,2207,4
0,11,1
0,682,3
0,8,1
0,1,1
0,677,1
0,278,2
0,362,2
0,101,1
0,11,1
0,154,2
0,49,1
0,21,1
0,3550,3
0,52,1
0,408,1
0,2559,3
0,343,2
0,57,1
0,6,1
0,1693,5
0,43,1
0,106,1
0,112,1
0,112,1
0,1320,5
0,782,1
0,832,2
0,1273,2
0,6,1
0,89,1
0,63,2
0,121,2
0,556,1
0,1159,2
0,732,1
0,864,1
0,155,1
0,18,1
0,730,3
0,167,1
0,6,2
0,122,1
0,29,1
0,86,1
0,39,1
0,115,1
0,11,1
0,1134,3
0,752,1
0,1735,2
0,880,1
0,35,1
0,81,1
0,188,1
0,11,1
0,155,1
0,6,1
0,562,1
0,1761,1
0,1,1
0,224,2
0,247,4
0,65,2
0,2,1
0,1,1
0,6,1
0,147,1
0,145,1
0,1322,4
0,1,1
0,111,1
0,167,1
0,638,1
0,29,1
0,140,1
0,1,1
0,3,1
0,581,1
0,13,1
0,144,2
0,2275,3
0,21,1
0,1157,2
0,388,1
0,1,1
0,3,1
0,82,1
0,1178,1
0,301,1
0,163,1
0,1,1
0,1180,8
0,461,2
0,5,1
0,285,3
0,1892,5
0,679,1
0,52,1
0,329,2
0,613,3
0,6,1
0,398,1
0,6,1
0,1363,4
0,659,2
0,530,1
0,84,1
0,138,2
0,8,1
0,1724,3
0,92,1
0,367,2
0,1114,2
0,717,2
0,63,1
0,316,1
0,74,1
0,1,1
0,24,1
0,4828,5
0,112,2
0,2351,1
0,2345,2
0,42,1
0,362,1
0,104,1
0,3,1
0,585,1
0,168,2
0,21,1
0,161,3
0,552,3
0,279,1
0,400,2
0,17,1
0,1004,3
0,312,1
0,1396,2
0,444,2
0,31,1
0,1117,1
0,60,1
0,35,1
0,1,1
0,1429,1
0,21,1
0,46,1
0,36,1
0,726,2
0,44,1
0,41,1
0,1138,2
0,511,1
0,47,1
0,1,1
0,45,1
0,360,3
0,157,1
0,1,1
0,886,3
0,394,5
0,1086,3
0,8,1
0,2346,1
0,1,1
0,128,1
0,1,1
0,26,1
0,13,1
0,148,1
0,203,1
0,328,3
0,1625,2
0,60,1
0,163,3
0,112,1
0,704,3
0,42,1
0,80,1
0,1,1
0,53,4
0,68,2
0,20,1
0,3,1
0,6,1
0,2113,4
0,18,1
0,152,2
0,1,1
0,2139,3
0,1742,1
0,116,1
0,1115,4
0,41,1
0,1329,5
0,495,4
0,3,1
0,66,3
0,418,2
0,670,1
0,6,1
0,11,1
0,214,1
0,24,1
0,78,1
0,102,1
0,738,2
0,184,1
0,37,1
0,1307,1
0,1133,8
0,182,2
0,145,1
0,300,1
0,537,1
0,6,1
0,59,2
0,15,1
0,6,1
0,1550,1
0,1,1
0,12,1
0,526,2
0,70,1
0,2505,3
0,788,1
0,121,1
0,11,1
0,13,1
0,928,4
0,657,1
0,1200,2
0,110,1
0,1017,1
0,155,1
0,468,1
0,15,1
0,1611,4
0,119,1
0,73,1
0,912,8
0,91,1
0,400,3
0,141,1
0,3293,5
0,447,1
0,129,2
0,438,2
0,3257,14
0,1668,1
0,6,1
0,1,1
0,55,1
0,180,1
0,459,1
0,176,1
0,1,1
0,11,1
0,8,1
0,2460,1
0,6,1
0,1145,1
0,41,3
0,857,2
0,65,1
0,107,1
0,1,1
0,370,1
0,82,1
0,447,2
0,1371,2
0,1,1
0,106,1
0,1860,4
0,1,1
0,20,1
0,458,1
0,126,1
0,36,2
0,8,1
0,63,1
0,11,1
0,44,1
0,201,1
0,3984,2
0,93,1
0,1216,1
0,1,1
0,148,1
0,5053,6
0,13,1
0,2375,2
0,16,1
0,2480,3
0,1,1
0,13,1
0,27,1
0,264,2
0,2205,7
0,9,1
0,43,1
0,16,1
0,71,1
0,47,1
0,16,1
0,2331,2
0,215,2
0,791,1
0,1,1
0,1,1
0,336,1
0,3,1
0,161,2
0,2523,5
0,46,1
0,101,1
0,482,1
0,2850,5
0,12,1
0,98,1
0,45,2
0,128,1
0,36,1
0,108,1
0,11,1
0,854,2
0,556,1
0,18,1
0,18,1
0,505,2
0,103,3
0,123,1
0,1828,6
0,84,1
0,11,1
0,1815,2
0,6,1
0,42,3
0,852,3
0,110,1
0,517,1
0,662,1
0,8,1
0,662,1
0,18,1
0,13,1
0,108,1
0,15,1
0,8,1
0,789,1
0,1,1
0,18,1
0,11,1
0,1121,1
0,555,1
0,6,1
0,6,1
0,101,1
0,18,1
0,1885,6
0,3,1
0,501,1
0,397,1
0,26,1
0,119,1
0,6,1
0,372,1
0,3,1
0,1,1
0,1,1
0,13,1
0,1385,2
0,56,1
0,34,1
0,50,3
0,7,1
0,1281,1
0,10,1
0,185,1
0,1,1
0,1,1
0,491,1
0,1098,2
0,3134,9
0,1303,5
0,45,1
0,124,1
0,1,1
0,4491,9
0,73,1
0,1,1
0,51,1
0,1139,3
0,131,1
0,81,1
0,42,1
0,85,1
0,173,1
0,2937,1
0,3,1
0,125,1
0,2652,1
0,177,1
0,11,1
0,107,1
0,356,1
0,41,1
0,789,2
0,494,1
0,1912,6
0,137,1
0,21,2
0,453,2
0,667,2
0,157,1
0,1,1
0,3968,2
0,3191,7
0,26,1
0,3,2
0,117,1
0,36,1
0,8,1
0,16,1
0,87,1
0,1020,1
0,491,3
0,77,1
0,144,1
0,85,1
0,436,2
0,4750,4
0,232,1
0,22,1
0,855,2
0,34,1
0,36,1
0,66,1
0,2939,5
0,1,1
0,6,1
0,488,2
0,1305,2
0,267,2
0,102,1
0,197,1
0,2790,4
0,201,1
0,618,1
0,536,1
0,345,2
0,142,1
0,11,1
0,1604,4
0,1,1
0,21,1
0,348,1
0,309,4
0,66,1
0,64,1
0,1,1
0,137,1
0,1,1
0,31,1
0,1282,3
0,823,1
0,3,1
0,2157,5
0,4191,3
0,1667,19
0,6,1
0,1357,2
0,437,1
0,46,1
0,3757,5
0,895,1
0,5,1
0,978,1
0,41,1
0,18,1
0,560,3
0,532,3
0,39,1
0,2618,6
0,1,2
0,23,1
0,569,1
0,1684,1
0,582,1
0,89,1
0,4528,3
0,22,1
0,46,1
0,467,2
0,1,1
0,226,1
0,37,1
0,6,1
0,22,1
0,85,1
0,141,2
0,13,1
0,818,4
0,651,1
0,167,2
0,1,1
0,109,2
0,34,2
0,197,1
0,46,2
0,415,1
0,11,2
0,331,1
0,38,1
0,41,1
0,592,2
0,104,1
0,1632,2
0,86,1
0,50,1
0,31,1
0,58,1
0,487,1
0,1228,2
0,1,1
0,552,1
0,66,1
0,3,1
0,3403,5
0,419,3
0,13,1
0,23,1
0,27,1
0,2499,4
0,322,2
0,55,1
0,33,1
0,161,3
0,210,1
0,1,1
0,247,1
0,1448,2
0,1184,2
0,259,1
0,704,1
0,21,1
0,350,1
0,696,1
0,14,1
0,470,1
0,1321,1
0,1,1
0,14,1
0,3072,10
0,41,1
0,51,1
0,48,1
0,802,1
0,43,1
0,111,1
0,128,1
0,68,1
0,361,1
0,3,1
0,11,1
0,583,1
0,46,2
0,79,1
0,539,2
0,1638,3
0,3,1
0,11,1
0,3646,3
0,25,1
0,161,1
0,11,1
0,28,1
0,54,1
0,1006,4
0,95,2
0,548,3
0,591,1
0,1738,1
0,104,1
0,123,2
0,1098,7
0,9,1
0,1,1
0,184,2
0,11,1
0,449,1
0,22,1
0,21,1
0,590,2
0,1654,1
0,340,1
0,1975,4
0,40,1
0,503,3
0,302,2
0,80,1
0,195,2
0,294,1
0,1,1
0,1,1
0,379,1
0,725,1
0,100,1
0,3500,5
0,106,1
0,4050,6
0,194,2
0,3142,9
0,104,1
0,367,1
0,369,1
0,11,1
0,2651,3
0,150,2
0,22,1
0,149,2
0,26,1
0,2061,5
0,8,1
0,541,1
0,376,1
0,25,1
0,278,1
0,735,1
0,31,1
0,733,2
0,97,1
0,2498,3
0,122,2
0,7,1
0,40,1
0,13,1
0,16,1
0,735,1
0,32,1
0,318,1
0,1259,1
0,3944,1
0,575,1
0,43,1
0,39,1
0,529,2
0,3,1
0,1,1
0,576,2
0,802,5
0,101,1
0,383,1
0,1080,1
0,959,5
0,89,1
0,11,1
0,376,2
0,23,1
0,100,1
0,1,1
0,567,1
0,2617,3
0,13,1
0,156,1
0,54,1
0,1,1
0,18,1
0,1,1
0,497,1
0,6,1
0,15,1
0,288,2
0,1746,1
0,59,3
0,36,1
0,46,1
0,969,1
0,183,1
0,26,1
0,26,1
0,381,5
0,500,1
0,79,2
0,333,1
0,58,1
0,436,2
0,944,1
0,649,1
0,1,1
0,27,1
0,148,1
0,1,1
0,6,1
0,31,1
0,62,1
0,20,1
0,126,1
0,551,6
0,3,1
0,15,1
0,156,1
0,437,1
0,888,1
0,102,1
0,21,1
0,31,2
0,34,1
0,26,1
0,8,1
0,2280,10
0,69,2
0,11,1
0,38,1
0,86,1
0,309,1
0,58,1
0,301,1
0,361,1
0,36,1
0,440,2
0,52,2
0,318,2
0,847,1
0,6,1
0,214,1
0,1699,2
0,54,1
0,10,1
0,113,1
0,126,1
0,493,2
0,120,1
0,130,1
0,126,2
0,1,1
0,18,1
0,97,2
0,775,3
0,1,1
0,22,1
0,25,1
0,386,1
0,1,1
0,4649,1
0,463,1
0,3119,7
0,176,1
0,1425,1
0,11,1
0,1,1
0,631,2
0,43,1
0,13,1
0,401,1
0,11,1
0,2692,1
0,109,1
0,1595,5
0,184,1
0,3980,2
0,56,1
0,17,1
0,70,1
0,1,1
0,809,1
0,11,1
0,311,1
0,69,2
0,549,1
0,772,1
0,107,1
0,1,1
0,668,2
0,1094,1
0,506,1
0,20,1
0,54,1
0,77,1
0,1448,3
0,118,1
0,23,1
0,648,3
0,1295,4
0,6,1
0,1,1
0,181,1
0,101,1
0,100,1
0,52,1
0,129,1
0,181,1
0,13,1
0,19,1
0,413,1
0,896,1
0,791,1
0,1,1
0,49,1
0,69,1
0,1,1
0,3285,6
0,787,1
0,875,7
0,689,3
0,11,1
0,127,1
0,182,2
0,131,2
0,65,1
0,1284,5
0,10,1
0,1,1
0,58,1
0,2556,1
0,184,1
0,1681,1
0,746,1
0,716,4
0,31,1
0,3408,4
0,2273,1
0,379,1
0,403,3
0,4265,5
0,82,1
0,25,1
0,51,1
0,6,1
0,717,1
0,36,1
0,6,1
0,31,1
0,22,1
0,21,1
0,2081,3
0,373,4
0,103,1
0,753,2
0,426,1
0,806,3
0,6,1
0,36,1
0,734,2
0,972,2
0,21,1
0,1,1
0,827,3
0,40,1
0,7,1
0,45,1
0,18,1
0,48,1
0,6,1
0,6,1
0,11,1
0,400,1
0,58,1
0,28,1
0,15,1
0,790,3
0,1,1
0,191,1
0,123,1
0,1421,1
0,321,1
0,3193,5
0,1771,8
0,360,1
0,13,1
0,2416,2
0,20,1
0,407,3
0,787,2
0,4385,3
0,5034,6
0,1,1
0,21,1
0,16,1
0,1,1
0,3,1
0,54,1
0,138,1
0,1,1
0,1141,1
0,1,2
0,269,1
0,2490,4
0,877,1
0,1468,3
0,16,1
0,2590,1
0,56,1
0,1080,2
0,21,2
0,231,1
0,16,2
0,1,1
0,401,3
0,101,1
0,1,1
0,1,1
0,589,1
0,341,2
0,377,1
0,21,1
0,113,1
0,954,3
0,267,1
0,301,2
0,31,1
0,1157,4
0,151,1
0,2626,1
0,80,1
0,453,1
0,104,1
0,1779,1
0,144,1
0,663,1
0,4837,2
0,1867,4
0,88,1
0,272,1
0,3040,4
0,44,1
0,3501,4
0,1279,1
0,1076,4
0,346,1
0,817,2
0,396,2
0,44,1
0,329,1
0,181,2
0,179,2
0,201,2
0,26,1
0,289,2
0,1,1
0,1,1
0,8,1
0,9,1
0,55,1
0,238,1
0,1920,4
0,156,1
0,1076,1
0,60,2
0,958,1
0,21,1
0,73,1
0,7,1
0,419,1
0,21,1
0,1218,5
0,1919,1
0,113,1
0,67,2
0,131,1
0,630,2
0,331,1
0,47,1
0,13,1
0,1,1
0,238,1
0,620,1
0,92,1
0,96,1
0,95,2
0,21,1
0,175,1
0,97,1
0,16,1
0,19,1
0,336,1
0,26,1
0,114,1
0,1,1
0,388,3
0,180,1
0,75,2
0,1,1
0,186,1
0,21,1
0,479,2
0,21,1
0,1691,4
0,561,2
0,37,1
0,26,1
0,444,1
0,4256,6
0,8,1
0,1930,4
0,75,2
0,29,1
0,1,1
0,66,1
0,1,1
0,16,1
0,16,1
0,7,1
0,542,1
0,540,1
0,6,1
0,518,4
0,11,1
0,2425,6
0,196,1
0,136,1
0,131,1
0,608,1
0,709,2
0,50,1
0,6,1
0,395,1
0,1380,2
0,87,2
0,11,1
0,58,1
0,680,1
0,11,1
0,21,1
0,1423,1
0,312,3
0,1477,2
0,704,1
0,346,1
0,18,1
0,3037,3
0,1,1
0,586,1
0,52,1
0,1298,5
0,71,1
0,11,1
0,186,3
0,114,1
0,123,1
0,143,1
0,837,3
0,484,2
0,16,1
0,2511,2
0,198,1
0,4756,5
0,1,1
0,112,1
0,40,2
0,166,1
0,1,1
0,620,3
0,1109,1
0,1,1
0,11,1
0,544,1
0,739,1
0,654,1
0,30,1
0,31,1
0,6,1
0,309,1
0,159,1
0,2298,2
0,15,1
0,1431,2
0,782,2
0,11,1
0,65,1
0,554,2
0,60,1
0,778,2
0,25,1
0,6,1
0,78,1
0,3233,4
0,406,2
0,21,1
0,1,1
0,2255,2
0,490,2
0,15,1
0,3,1
0,161,1
0,284,6
0,1,1
0,94,1
0,116,1
0,235,2
0,34,1
0,2320,2
0,458,1
0,3681,4
0,958,1
0,26,1
0,30,1
0,411,1
0,45,1
0,2714,3
0,71,1
0,1964,6
0,604,2
0,34,1
0,18,1
0,66,1
0,524,2
0,13,1
0,128,1
0,18,1
0,535,1
0,1,1
0,11,1
0,859,4
0,6,1
0,151,1
0,220,1
0,325,1
0,11,1
0,108,2
0,109,2
0,6,1
0,26,1
0,99,2
0,49,1
0,53,1
0,1893,7
0,1177,1
0,11,1
0,241,2
0,4474,4
0,35,1
0,492,1
0,4077,5
0,2513,4
0,3901,4
0,78,1
0,518,2
0,966,2
0,1,1
0,11,1
0,228,1
0,45,1
0,31,1
0,2705,2
0,71,2
0,1,1
0,226,1
0,506,1
0,141,1
0,580,2
0,389,1
0,590,4
0,578,3
0,106,1
0,12,1
0,831,1
0,16,1
0,283,2
0,492,2
0,225,2
0,1737,4
0,11,1
0,32,1
0,148,3
0,313,1
0,175,1
0,536,2
0,1,1
0,35,1
0,518,2
0,145,1
0,8,2
0,24,1
0,4369,3
0,1148,1
0,417,1
0,27,1
0,1472,3
0,1023,1
0,1455,2
0,57,1
0,216,2
0,708,1
0,1963,2
0,141,2
0,1,1
0,68,1
0,21,1
0,356,1
0,11,1
0,527,3
0,692,1
0,396,1
0,2375,4
0,14,1
0,75,1
0,89,1
0,3968,6
0,6,1
0,1452,3
0,26,1
0,361,1
0,490,1
0,211,2
0,294,1
0,203,2
0,267,2
0,8,2
0,535,1
0,1782,1
0,4638,5
0,55,1
0,154,1
0,106,1
0,148,1
0,5,1
0,283,1
0,1204,2
0,1291,1
0,2329,3
0,403,1
0,549,1
0,147,1
0,486,1
0,2410,1
0,255,2
0,151,1
0,106,1
0,1,1
0,3698,3
0,41,1
0,737,1
0,45,1
0,1,1
0,16,1
0,1585,1
0,876,3
0,2782,6
0,1,1
0,122,1
0,468,1
0,502,1
0,470,2
0,104,1
0,16,1
0,1,1
0,48,1
0,1,1
0,4195,3
0,1,1
0,14,2
0,742,1
0,691,4
0,2296,1
0,1360,1
0,26,3
0,1534,1
0,2295,7
0,339,2
0,118,1
0,315,1
0,24,1
0,4183,6
0,852,4
0,69,1
0,32,1
0,1,1
0,283,1
0,27,1
0,1310,1
0,21,1
0,108,1
0,419,1
0,290,1
0,981,1
0,782,2
0,3740,6
0,164,1
0,739,5
0,333,1
0,73,1
0,21,1
0,84,3
0,21,1
0,2706,3
0,13,1
0,20,1
0,411,1
0,78,1
0,74,1
0,493,2
0,4576,4
0,71,1
0,436,3
0,33,3
0,21,1
0,7,1
0,76,1
0,96,1
0,159,1
0,3769,2
0,194,2
0,4176,8
0,183,1
0,199,2
0,121,2
0,31,1
0,410,6
0,154,2
0,143,1
0,634,3
0,18,1
0,586,1
0,63,1
0,1322,4
0,562,2
0,20,2
0,29,1
0,1,1
0,339,1
0,500,1
0,1157,2
0,322,1
0,129,1
0,46,1
0,940,2
0,1510,3
0,414,3
0,120,3
0,6,1
0,1219,1
0,608,1
0,1,1
0,899,2
0,92,2
0,128,1
0,3477,3
0,715,2
0,1666,2
0,39,1
0,507,2
0,1181,2
0,1,1
0,381,2
0,321,1
0,16,1
0,151,1
0,2618,3
0,1,1
0,16,1
0,130,1
0,28,2
0,138,1
0,1584,1
0,1,1
0,156,1
0,21,1
0,65,1
0,18,1
0,1,1
0,633,1
0,933,1
0,1809,2
0,556,1
0,355,1
0,11,1
0,22,1
0,134,2
0,132,1
0,16,1
0,1,1
0,121,1
0,77,1
0,68,1
0,7,1
0,258,2
0,34,1
0,146,1
0,335,1
0,282,2
0,44,1
0,345,1
0,45,1
0,99,1
0,300,3
0,967,1
0,28,1
0,106,2
0,48,1
0,1,1
0,714,2
0,8,1
0,481,2
0,53,1
0,78,2
0,138,1
0,289,1
0,135,1
0,612,3
0,37,2
0,484,1
0,3,1
0,2692,2
0,16,1
0,79,1
0,365,4
0,1519,2
0,1,1
0,653,2
0,62,1
0,126,1
0,243,1
0,208,1
0,302,2
0,940,1
0,1,1
0,38,1
0,56,2
0,658,2
0,972,6
0,610,1
0,2229,1
0,95,1
0,41,1
0,22,1
0,850,2
0,509,1
0,115,2
0,40,2
0,4610,7
0,6,1
0,71,1
0,21,1
0,820,2
0,611,1
0,64,1
0,353,2
0,354,2
0,799,1
0,527,1
0,26,1
0,177,1
0,1762,8
0,62,1
0,69,2
0,54,1
0,445,2
0,52,1
0,449,2
0,1,1
0,135,1
0,306,1
0,49,2
0,116,1
0,33,1
0,864,4
0,266,1
0,1673,3
0,577,5
0,700,2
0,18,1
0,532,2
0,92,1
0,1,1
0,22,1
0,372,1
0,157,1
0,6,1
0,129,2
0,86,1
0,1158,2
0,31,1
0,826,5
0,88,1
0,194,1
0,41,1
0,532,1
0,719,1
0,91,1
0,1749,1
0,1,1
0,6,1
0,32,1
0,5,2
0,46,1
0,48,2
0,1322,3
0,40,1
0,10,1
0,170,1
0,41,1
0,81,1
0,1579,5
0,752,1
0,1254,2
0,3,1
0,40,1
0,697,1
0,537,1
0,3674,3
0,39,1
0,29,1
0,3949,4
0,1,1
0,40,1
0,11,1
0,1219,5
0,6,1
0,1,1
0,108,2
0,493,1
0,137,2
0,9,1
0,7,1
0,1719,1
0,1,1
0,1405,3
0,528,1
0,83,1
0,366,3
0,374,1
0,11,1
0,4953,6
0,120,1
0,707,2
0,4,1
0,413,2
0,3049,2
0,47,2
0,3662,3
0,1592,8
0,29,1
0,356,1
0,111,1
0,15,1
0,8,1
0,6,1
0,1,1
0,100,1
0,54,1
0,406,1
0,141,1
0,1,1
0,691,3
0,16,1
0,13,1
0,71,1
0,4894,16
0,1051,2
0,1660,2
0,71,1
0,36,3
0,966,4
0,1674,4
0,548,2
0,66,1
0,2505,1
0,6,1
0,424,1
0,1401,1
0,163,1
0,140,1
0,46,1
0,1302,1
0,43,2
0,38,1
0,428,1
0,4930,9
0,77,1
0,13,1
0,559,1
0,85,2
0,1480,3
0,11,1
0,11,1
0,320,3
0,569,3
0,102,1
0,1,1
0,706,2
0,139,1
0,6,1
0,1824,1
0,78,1
0,363,1
0,51,1
0,14,1
0,3846,3
0,3249,6
0,76,1
0,100,1
0,1745,11
0,22,1
0,709,3
0,8,1
0,63,1
0,1146,1
0,773,1
0,18,1
0,49,1
0,99,1
0,1,1
0,465,1
0,1557,4
0,560,1
0,127,1
0,149,1
0,312,1
0,16,1
0,47,2
0,144,1
0,113,1
0,1735,2
0,1368,3
0,538,1
0,328,4
0,520,4
0,1496,5
0,1021,1
0,8,1
0,896,1
0,21,1
0,47,1
0,522,5
0,3185,2
0,2504,9
0,555,1
0,27,1
0,256,2
0,616,2
0,28,1
0,1643,3
0,444,1
0,1,1
0,1045,1
0,1,1
0,839,3
0,1,1
0,43,1
0,4,1
0,451,1
0,3621,4
0,176,1
0,13,1
0,1,1
0,1,1
0,729,1
0,442,1
0,185,1
0,291,1
0,6,1
0,283,2
0,579,1
0,82,1
0,143,1
0,54,1
0,1,1
0,21,1
0,1589,1
0,1172,1
0,589,2
0,940,1
0,1267,4
0,1194,4
0,164,1
0,1293,6
0,68,1
0,30,1
0,1,1
0,13,1
0,1,1
0,196,2
0,580,1
0,23,1
0,1934,8
0,108,1
0,30,1
0,11,1
0,340,1
0,39,2
0,393,1
0,384,1
0,3035,3
0,3148,10
0,40,1
0,769,3
0,56,1
0,196,4
0,1650,3
0,3141,4
0,1,1
0,2672,3
0,1393,3
0,1550,1
0,72,1
0,21,1
0,9,1
0,1,1
0,2047,5
0,1,1
0,20,1
0,63,1
0,43,1
0,4481,7
0,36,1
0,1729,1
0,3148,4
0,428,1
0,137,1
0,1403,1
0,57,1
0,65,1
0,46,1
0,13,1
0,1648,5
0,588,2
0,16,1
0,1,1
0,171,1
0,243,2
0,655,1
0,167,1
0,2707,1
0,38,1
0,1,1
0,2023,1
0,131,1
0,895,1
0,45,1
0,3580,4
0,155,1
0,469,1
0,797,4
0,17,1
0,1,1
0,1701,3
0,139,1
0,1231,1
0,96,1
0,1837,1
0,560,6
0,580,2
0,37,1
0,80,2
0,8,1
0,373,1
0,41,1
0,258,1
0,26,1
0,16,1
0,400,1
0,386,2
0,360,1
0,1625,3
0,334,2
0,6,1
0,560,1
0,124,1
0,11,1
0,43,1
0,1384,1
0,133,1
0,11,1
0,383,1
0,175,2
0,101,2
0,7,1
0,306,2
0,58,1
0,85,1
0,34,1
0,1,1
0,24,1
0,11,1
0,637,2
0,141,1
0,1,1
0,21,2
0,79,1
0,1099,3
0,522,2
0,1,1
0,1,1
0,151,1
0,2647,8
0,30,1
0,11,1
0,79,1
0,3,1
0,1,1
0,313,1
0,134,1
0,1201,1
0,155,1
0,372,1
0,6,1
0,5,1
0,302,1
0,88,1
0,1163,5
0,315,1
0,1,1
0,95,1
0,942,1
0,61,1
0,179,1
0,31,1
0,460,1
0,43,3
0,303,1
0,230,1
0,111,1
0,1,2
0,46,1
0,57,2
0,152,1
0,31,1
0,3,1
0,360,1
0,5,1
0,3,1
0,42,1
0,671,2
0,794,1
0,154,2
0,696,1
0,2187,6
0,37,1
0,141,1
0,35,1
0,53,1
0,594,6
0,8,1
0,50,1
0,130,1
0,1827,6
0,46,1
0,148,2
0,10,1
0,53,2
0,1020,4
0,10,2
0,1241,5
0,135,1
0,646,3
0,8,1
0,36,1
0,1698,4
0,2094,4
0,1442,2
0,2224,6
0,537,1
0,58,1
0,2282,5
0,8,1
0,31,1
0,371,1
0,101,1
0,33,1
0,906,1
0,6,1
0,132,1
0,386,1
0,2041,3
0,35,1
0,111,1
0,2242,2
0,1004,1
0,285,1
0,150,1
0,19,1
0,403,1
0,867,2
0,888,1
0,371,2
0,8,1
0,87,1
0,1162,7
0,375,1
0,46,1
0,1,1
0,14,1
0,3,1
0,20,1
0,154,1
0,3670,3
0,12,1
0,476,2
0,1244,3
0,107,1
0,7,1
0,1274,1
0,446,1
0,31,1
0,57,1
0,261,1
0,666,1
0,3159,3
0,876,1
0,1,2
0,67,1
0,1545,4
0,52,1
0,320,1
0,8,1
0,49,1
0,523,2
0,281,2
0,193,3
0,378,1
0,27,1
0,105,1
0,777,1
0,23,2
0,623,2
0,170,1
0,1070,3
0,11,1
0,1009,1
0,1,1
0,162,1
0,108,1
0,95,1
0,166,1
0,3,1
0,13,1
0,124,1
0,60,2
0,362,1
0,3267,3
0,85,1
0,6,1
0,73,1
0,1,1
0,9,1
0,35,1
0,376,2
0,1085,4
0,1,1
0,1,1
0,472,1
0,1207,6
0,79,1
0,1,1
0,48,1
0,11,1
0,35,1
0,801,1
0,3,1
0,4099,5
0,146,1
0,8,1
0,551,4
0,3055,2
0,1,1
0,6,1
0,735,1
0,187,1
0,15,1
0,497,1
0,6,1
0,21,1
0,36,1
0,1,1
0,517,2
0,1296,4
0,382,1
0,421,1
0,35,2
0,3,1
0,536,1
0,1031,3
0,156,1
0,86,4
0,317,1
0,28,1
0,57,1
0,534,6
0,540,1
0,1,1
0,1,1
0,3,1
0,13,1
0,1,1
0,440,1
0,961,1
0,408,1
0,8,1
0,417,3
0,158,2
1,5296,2
1,9587,7
1,7040,4
1,6458,5
1,13369,10
1,23525,12
1,8378,4
1,5780,4
1,6137,10
1,8335,10
1,14663,4
1,6004,3
1,13811,10
1,11674,8
1,5644,5
1,5718,8
1,11807,11
1,7587,7
1,7825,9
1,7767,11
1,9247,5
1,5837,2
1,5105,8
1,9483,17
1,5523,6
1,10503,16
1,28302,17
1,38211,14
1,8011,9
1,15056,6
1,13262,16
1,6402,10
1,26968,28
1,5419,8
1,8802,13
1,16093,18
1,6150,4
1,48843,33
1,22208,30
1,21318,35
1,13619,5
1,12295,16
1,23183,9
1,7077,11
1,11112,8
1,6163,4
1,5262,6
1,10526,4
1,8211,10
1,8102,13
1,10878,4
1,5741,3
1,7705,6
1,5435,8
1,5506,5
1,11740,2
1,8207,12
1,5746,3
1,5786,11
1,8248,4
1,7564,1
1,5070,3
1,11455,2
1,6287,4
1,11029,13
1,5220,10
1,9910,4
1,25733,7
1,5427,4
1,5326,2
1,13466,22
1,15016,18
1,6593,16
1,8186,3
1,7654,4
1,9346,5
1,6676,6
1,10012,8
1,6145,2
1,6136,13
1,6478,10
1,50559,15
1,5418,2
1,12350,14
1,35994,41
1,6906,9
1,11444,20
1,13927,20
1,17688,35
1,9832,1
1,5935,10
1,5259,13
1,8770,7
1,13925,3
1,5466,9
1,5981,2
1,7145,8
1,12126,10
1,12030,23
1,12340,6
1,6838,10
1,6539,18
1,7326,11
1,12751,13
1,6492,15
1,6420,9
1,9223,11
1,13812,21
1,16243,23
1,19322,20
1,5407,6
1,9019,12
1,26923,21
1,13521,10
1,9620,8
1,5248,1
1,6311,7
1,9799,11
1,22807,19
1,27125,17
1,10358,10
1,13891,9
1,5108,2
1,40155,9
1,12839,7
1,7810,26
1,6418,8
1,16334,17
1,5978,5
1,7669,14
1,19387,2
1,7461,6
1,5665,3
1,10072,1
1,18976,45
1,6323,5
1,32708,5
1,6723,1
1,6044,5
1,9297,10
1,11010,8
1,9558,6
1,34640,8
1,41023,30
1,10543,12
1,32964,17
1,9130,13
1,10297,3
1,11278,6
1,14055,11
1,42117,38
1,39455,26
1,6485,3
1,6787,2
1,11197,4
1,27911,23
1,5181,11
1,5596,2
1,10089,2
1,12980,4
1,14011,23
1,8501,15
1,17842,14
1,5835,8
1,13892,18
1,5094,12
1,24319,29
1,21766,14
1,7665,13
1,7302,3
1,8619,1
1,5949,9
1,6216,6
1,10535,12
1,13030,19
1,29553,2
1,10942,10
1,52730,55
1,10780,16
1,8289,3
1,7505,8
1,19265,6
1,37471,38
1,31458,17
1,49107,50
1,39964,40
1,7534,15
1,5354,3
1,29033,3
1,5885,6
1,6776,2
1,20126,29
1,25076,12
1,5702,2
1,7349,4
1,5496,8
1,5486,2
1,5139,9
1,33293,19
1,6426,14
1,5755,10
1,11243,14
1,31742,15
1,8307,8
1,7448,4
1,5686,6
1,13960,13
1,5738,4
1,9005,10
1,5510,9
1,15637,8
1,5233,18
1,7063,6
1,5091,2
1,7484,32
1,8318,16
1,7485,2
1,13828,10
1,11592,5
1,44389,45
1,6337,15
1,12614,9
1,8685,5
1,9477,8
1,36685,50
1,5256,3
1,8387,6
1,21109,9
1,5587,8
1,8756,3
1,6688,8
1,10551,20
1,10891,16
1,12363,13
1,11499,14
1,40147,29
1,6171,10
1,9819,3
1,5382,4
1,8570,4
1,16295,8
1,17783,3
1,7790,13
1,44341,34
1,5203,9
1,5596,3
1,23818,42
1,7600,4
1,6979,14
1,6500,9
1,6986,5
1,25583,16
1,8280,4
1,10904,11
1,11883,1
1,11028,11
1,5880,6
1,17265,6
1,11465,5
1,5909,12
1,5658,10
1,10228,14
1,8914,15
1,45704,41
1,6079,9
1,12615,2
1,46289,52
1,8807,12
1,6070,9
1,10959,9
1,11226,13
1,5936,1
1,20649,21
1,38449,19
1,7441,16
1,7786,19
1,5380,4
1,13612,10
1,6086,2
1,32507,34
1,31393,36
1,8681,15
1,22875,14
1,17886,11
1,14319,14
1,11463,2
1,7835,5
1,5098,3
1,11206,5
1,23544,37
1,10085,1
1,5827,10
1,8526,5
1,12663,38
1,11808,18
1,15937,23
1,10732,4
1,9849,13
1,9421,1
1,10371,10
1,33678,12
1,5546,7
1,6781,4
1,14896,6
1,6959,3
1,17885,18
1,35990,49
1,22176,8
1,6668,9
1,21043,18
1,6734,6
1,38875,49
1,5978,1
1,5912,1
2,70552,95
2,73452,83
2,69709,68
2,125042,92
2,105876,48
2,178811,83
2,101536,57
2,79509,40
2,67905,62
2,88940,73
2,117521,81
2,116657,38
