,index,lprice,oprice,sprice,grid,subsect,taxes,taxyr,lotsize,primsch,intsch,highsch,agent,floodp,waterf,age,stories,floor,style,firepl,basemt,pool,garage,allrms,beds,baths,lrarea,drarea,kitarea,famarea,den,study,masarea,secarea,area3,area4,area5,range,dwasher,washer,secsys,micro,rtop,disposal,dryer,freezer,compact,walloven,refrig,patio,deck,fence,fuel,ac,heat,hwater,water,sewer,unknown,amps,assvalue,cfee,golf,culdesac,unrate,greenmm,gatemm,lotsizef,own,gate,green,invgate,linvgate,invgate2,loglp,logsp,loglot,logage,logbeds,logbaths,logdra,logkita,logstor,lograte,sdate,time.months,logtime,primf,stylef,noappl,logappl,basemtf,nobase,gar12,ldate,exdate,setdate,listp,expdays,tom,expper,invexp,logiexp,tomper,rellp,reltom,longlp,shortlp,longtom,shorttom,tomrlp,tomlp,pdisc,logpdisc,lpsp
1,723702,147600,147600,145000,E20,R,2398,91,8970,3,3,1,6,NA,NA,30,2,NA,3,1,1,0,1,8,4,2.5,338,132,144,345,0,0,182,110,120,128,0,2,1,1,0,0,NA,0,1,0,0,NA,1,0,0,0,0,1,2,1,1,1,1,NA,93000,0,0,0,6.8,12,94,house,house,0.28036205,0.0357909,3.56681655,1.271673475,12.7221803,11.90226119,11.88448902,9.101640955,3.401197382,1.386294361,0.916290732,4.882801923,4.9698133,0.693147181,1.916922612,05/03/1992,0.166666667,-1.791759469,3,ostyles,-0.1,-2.302585093,partbase,FALSE,TRUE,02/09/1991,11/12/1992,20/11/1992,466,281,185,0.603004292,0.003557453,-5.638710478,0.396995708,2.588888889,71.45922747,1,0,185,0,478.9444444,86210,0.017931034,-2.137655279,1.017931034
2,745677,179000,179000,175000,E19,R,2814,91,9375,5,5,1,4,NA,NA,18,2,NA,1,1,1,0,1,10,5,2.5,240,180,180,231,81,0,204,156,81,165,156,1,1,0,0,0,NA,1,0,0,0,NA,0,0,1,1,0,1,2,1,1,1,1,NA,109100,0,0,0,6.8,NA,NA,house,house,NA,NA,NA,NA,NA,12.09514108,12.07254125,9.145801851,2.890371758,1.609437912,0.916290732,5.192956851,5.192956851,0.693147181,1.916922612,14/09/1992,6.6,1.887069649,other,colonial,-0.1,-2.302585093,partbase,FALSE,TRUE,14/04/1992,15/10/1992,30/11/1992,184,31,153,0.168478261,0.032154341,-3.437207819,0.831521739,1.022222222,149.673913,1,0,153,0,156.4,28152,0.022857143,-2.096733039,1.022857143
3,746177,169900,169900,157000,E20,R,2520,91,7920,2,2,1,1,NA,NA,26,2,3,1,1,1,0,1,8,4,2.5,312,156,169,180,0,0,225,144,132,168,0,NA,NA,NA,NA,NA,NA,NA,NA,NA,NA,NA,NA,NA,NA,NA,NA,1,2,1,NA,1,1,NA,97700,0,1,1,7.5,1,70,house,house,0.20878025,0.002982575,4.789725082,1.566473016,22.94146636,12.04296531,11.96400108,8.977146485,3.258096538,1.386294361,0.916290732,5.049856007,5.129898715,0.693147181,2.014903021,01/12/1992,9.2,2.219203484,2,colonial,-0.1,-2.302585093,partbase,FALSE,TRUE,20/04/1992,31/01/1993,15/01/1993,286,61,225,0.213286713,0.016366612,-4.112511866,0.786713287,1.588888889,141.6083916,1,0,225,0,357.5,64350,0.082165605,-1.702839088,1.082165605
4,747305,69900,81900,68000,E20,R,1669,91,0,2,1,1,6,NA,NA,7,1,NA,5,1,0,0,0,5,2,1.5,221,72,88,0,0,0,165,81,0,0,0,2,1,1,0,1,2,1,1,0,0,NA,1,0,1,0,0,2,2,2,2,1,1,NA,64700,52,0,0,7,9,16,con,con,0.0477212,0.026843175,20.95504723,3.042379535,439.1140045,11.15482093,11.12726298,#NAME?,1.945910149,0.693147181,0.405465108,4.276666119,4.477336814,0,1.945910149,05/02/1993,11.4,2.433613355,2,condos,-0.1,-2.302585093,fullbase,FALSE,TRUE,30/04/1992,15/05/1993,22/04/1993,380,99,281,0.260526316,0.010090817,-4.596129441,0.739473684,2.111111111,133.1052632,1,0,281,0,593.2222222,106780,0.027941176,-2.05618468,1.027941176
5,749516,149900,149900,142000,E20,R,2573,91,10080,2,2,1,7,NA,NA,28,2,NA,2,2,1,0,1,8,3,2.5,336,108,126,338,0,0,180,121,144,0,0,2,1,1,0,0,NA,1,1,0,0,NA,1,0,0,0,0,1,2,1,1,1,1,NA,111400,0,1,0,6.8,1,63,house,house,0.187902225,0.002982575,5.321916758,1.671833531,28.32279797,11.91772368,11.86358234,9.218308542,3.33220451,1.098612289,0.916290732,4.682131227,4.836281907,0.693147181,1.916922612,21/09/1992,6.833333333,1.921812597,2,ostyles,-0.1,-2.302585093,partbase,FALSE,TRUE,18/05/1992,18/05/1993,13/11/1992,365,239,126,0.654794521,0.00418235,-5.476881874,0.345205479,2.027777778,62.1369863,1,0,126,0,255.5,45990,0.055633803,-1.860249449,1.055633803
6,750950,159900,159900,144750,E19,R,2453,92,10295,2,2,1,2,NA,NA,25,2,2,1,1,1,0,1,9,4,2.5,286,143,234,221,0,0,168,120,132,110,0,1,1,1,0,1,2,1,1,0,0,NA,1,0,0,0,0,1,2,1,1,1,1,NA,95100,0,0,0,6.7,36,167,house,house,0.498090025,0.1073727,2.007669196,0.696974445,4.0307356,11.9823039,11.8827634,9.239413619,3.218875825,1.386294361,0.916290732,4.96284463,5.455321115,0.693147181,1.902107526,10/05/1993,14.53333333,2.676444862,2,colonial,-0.1,-2.302585093,partbase,FALSE,TRUE,04/06/1992,25/06/1993,22/06/1993,386,46,340,0.119170984,0.021691974,-3.83081295,0.880829016,2.144444444,158.5492228,1,0,340,0,729.1111111,131240,0.104663212,-1.586389517,1.104663212
7,751122,97900,97900,90200,E20,EP,1898,91,0,NA,NA,NA,6,NA,NA,3,1,NA,6,1,0,0,1,5,2,2,240,72,72,0,0,0,192,126,0,0,0,2,0,1,0,0,NA,1,1,0,0,NA,1,0,1,1,0,1,2,1,1,1,1,NA,73600,125,0,0,7,10,20,con,con,0.0596515,0.02982575,16.76403779,2.819235984,281.0329629,11.49170183,11.40978471,#NAME?,1.098612289,0.693147181,0.693147181,4.276666119,4.276666119,0,1.945910149,10/02/1993,11.56666667,2.448127398,NA,condos,-0.1,-2.302585093,fullbase,FALSE,TRUE,05/06/1992,20/05/1993,26/03/1993,349,99,250,0.283667622,0.010090817,-4.596129441,0.716332378,1.938888889,128.9398281,1,0,250,0,484.7222222,87250,0.085365854,-1.685423819,1.085365854
8,754171,159900,159900,154000,E19,R,5494,91,25200,NA,NA,NA,1,NA,NA,30,2,NA,1,1,1,1,1,8,4,2.5,299,156,210,144,0,0,210,121,121,195,0,2,1,1,0,0,NA,1,1,0,0,NA,1,0,1,1,0,1,2,1,1,1,1,NA,232500,0,0,0,6.4,NA,NA,house,house,NA,NA,NA,NA,NA,11.9823039,11.94470788,10.13459927,3.401197382,1.386294361,0.916290732,5.049856007,5.347107531,0.693147181,1.85629799,06/11/1992,8.366666667,2.124255557,NA,colonial,-0.1,-2.302585093,partbase,FALSE,TRUE,03/07/1992,06/01/1993,21/12/1992,187,61,126,0.326203209,0.016366612,-4.112511866,0.673796791,1.038888889,121.2834225,1,0,126,0,130.9,23562,0.038311688,-1.97824553,1.038311688
9,754261,154500,156900,150000,E20,R,2398,91,8820,2,1,1,5,NA,NA,30,2,NA,3,1,1,0,1,8,4,2.5,338,143,156,300,0,0,210,156,110,128,0,1,0,0,0,0,NA,1,0,0,0,NA,0,0,0,0,0,1,2,1,1,1,1,NA,93000,0,0,0,7,21,103,house,house,0.307205225,0.062634075,3.255152968,1.180239269,10.59602085,11.94794938,11.91839057,9.084777149,3.401197382,1.386294361,0.916290732,4.96284463,5.049856007,0.693147181,1.945910149,01/12/1992,9.2,2.219203484,2,ostyles,-0.1,-2.302585093,partbase,FALSE,TRUE,08/07/1992,08/05/1993,15/04/1993,304,158,146,0.519736842,0.006325111,-5.063227744,0.480263158,1.688888889,86.44736842,1,0,146,0,246.5777778,44384,0.03,-2.040220829,1.03
10,754454,103500,91999,96700,E20,CON,2017,91,0,3,3,1,3,NA,NA,3,3,NA,4,1,1,0,0,5,1,1.5,154,80,99,242,0,0,224,0,0,0,0,2,1,1,0,1,2,1,1,0,0,NA,1,0,0,1,0,1,2,1,1,1,1,NA,78200,68,1,0,7.3,4,15,con,con,0.044738625,0.0119303,22.35205038,3.106918057,499.6141563,11.54732689,11.47936868,#NAME?,1.098612289,0,0.405465108,4.382026635,4.59511985,1.098612289,1.987874348,13/05/1993,14.63333333,2.683302031,3,condos,-0.1,-2.302585093,partbase,FALSE,TRUE,09/07/1992,31/12/1993,09/07/1993,540,232,308,0.42962963,0.004308488,-5.447168313,0.57037037,3,102.6666667,1,0,308,0,924,166320,0.070320579,-1.770072858,1.070320579
11,754465,139900,139900,137900,E20,EP,2708,91,0,3,3,1,3,NA,NA,3,2,NA,4,1,0,0,1,6,2,2.5,270,88,88,0,156,0,198,132,0,0,0,2,1,1,0,1,2,1,1,0,0,NA,1,0,0,1,0,1,2,1,1,1,1,NA,105000,135,1,0,7.2,7,22,con,con,0.06561665,0.020878025,15.24003435,2.723925804,232.258647,11.84868316,11.83428406,#NAME?,1.098612289,0.693147181,0.916290732,4.477336814,4.477336814,0.693147181,1.974081026,24/06/1993,16.03333333,2.774669888,3,condos,-0.1,-2.302585093,fullbase,FALSE,TRUE,09/07/1992,09/07/1994,27/08/1993,730,380,350,0.520547945,0.002630887,-5.940434376,0.479452055,4.055555556,86.30136986,1,0,350,0,1419.444444,255500,0.014503263,-2.167151957,1.014503263
12,756033,59900,69900,57900,E20,RTR,1417,91,0,2,1,1,3,NA,NA,11,1,1,5,1,0,0,0,4,1,1,221,72,96,0,0,0,144,0,0,0,0,2,1,1,0,0,NA,1,1,0,0,NA,1,0,1,1,0,2,2,2,2,1,1,NA,57200,55,0,0,6.7,28,53,con,con,0.158076475,0.0835121,6.326051995,1.844676344,40.01893384,11.00043178,10.96647266,#NAME?,2.397895273,0,0,4.276666119,4.564348191,0,1.902107526,30/06/1993,16.23333333,2.787066741,2,condos,-0.1,-2.302585093,fullbase,FALSE,TRUE,21/07/1992,30/06/1993,08/09/1993,344,0,344,0,10,2.302585093,1,1.911111111,180,1,0,344,0,657.4222222,118336,0.034542314,-2.005876525,1.034542314
13,758077,199500,199500,195000,E20,R,3159,91,9250,7,3,3,3,0,0,29,2,NA,1,1,1,0,2,8,4,2.5,228,121,176,273,0,0,209,121,144,180,0,2,1,1,0,0,NA,1,1,0,0,NA,1,0,1,1,0,1,2,1,1,1,1,NA,122500,0,1,0,7.2,NA,NA,house,house,NA,NA,NA,NA,NA,12.20356952,12.18075484,9.132378831,3.36729583,1.386294361,0.916290732,4.795790546,5.170483995,0.693147181,1.974081026,25/08/1992,5.933333333,1.780586169,other,colonial,-0.1,-2.302585093,partbase,FALSE,FALSE,08/08/1992,27/02/1993,23/10/1992,203,186,17,0.916256158,0.005373455,-5.226284164,0.083743842,1.127777778,15.07389163,1,0,17,0,19.17222222,3451,0.023076923,-2.094945728,1.023076923
14,761216,159900,159900,157000,E19,R,2457,91,13195,2,1,1,5,NA,NA,30,2,NA,7,1,1,0,2,9,4,2.5,338,132,132,0,99,0,210,120,110,112,0,2,1,0,0,0,0,0,1,0,0,NA,0,0,1,1,0,1,2,1,1,1,1,NA,97200,0,0,0,7.5,8,99,house,house,0.295274925,0.0238606,3.3866743,1.219848407,11.46956282,11.9823039,11.96400108,9.487593249,3.401197382,1.386294361,0.916290732,4.882801923,4.882801923,0.693147181,2.014903021,17/01/1993,10.76666667,2.376454942,2,ostyles,-0.1,-2.302585093,partbase,FALSE,FALSE,11/09/1992,11/03/1993,26/02/1993,181,53,128,0.29281768,0.018832392,-3.972176928,0.70718232,1.005555556,127.2928177,1,0,128,0,128.7111111,23168,0.018471338,-2.133084225,1.018471338
15,762625,179900,189900,172000,E20,NA,3438,91,12896,2,1,1,5,NA,NA,23,2,NA,1,1,1,1,2,8,4,2.5,247,132,204,294,0,0,240,180,144,156,0,NA,0,NA,NA,NA,NA,NA,NA,NA,NA,NA,NA,NA,1,1,NA,1,2,1,NA,1,1,NA,133300,0,1,0,7.5,1,51,house,house,0.152111325,0.002982575,6.574132465,1.883142625,43.21921767,12.10015642,12.05524976,9.464672465,3.135494216,1.386294361,0.916290732,4.882801923,5.318119994,0.693147181,2.014903021,13/01/1993,10.63333333,2.363993721,2,colonial,-0.1,-2.302585093,partbase,FALSE,FALSE,28/09/1992,28/03/1993,25/02/1993,181,74,107,0.408839779,0.013495277,-4.305415532,0.591160221,1.005555556,106.4088398,1,0,107,0,107.5944444,19367,0.045930233,-1.924626631,1.045930233
16,762801,149921,179921,141000,E19,RH,2943,91,20305,NA,4,1,4,0,0,25,2,NA,7,1,1,0,2,9,4,2.5,234,156,143,378,0,0,143,110,143,110,0,1,1,1,1,0,0,1,1,0,0,0,0,0,1,0,1,1,2,1,1,1,1,100,114100,0,0,1,7,16,120,house,house,0.357909,0.0477212,2.794006298,1.027476515,7.806471192,11.91786377,11.85651517,9.91862244,3.218875825,1.386294361,0.916290732,5.049856007,4.96284463,0.693147181,1.945910149,01/12/1992,9.2,2.219203484,NA,ostyles,5,1.648658626,partbase,FALSE,FALSE,09/10/1992,02/05/1993,30/03/1993,205,152,53,0.741463415,0.006574622,-5.024538199,0.258536585,1.138888889,46.53658537,1,0,53,0,60.36111111,10865,0.063269504,-1.812353048,1.063269504
17,762900,169900,176800,164500,E19,R,2703,91,9375,3,3,3,1,2,0,21,2,NA,1,1,1,0,2,10,4,2.5,220,144,117,253,0,0,182,150,160,120,0,NA,1,0,0,0,NA,1,0,0,0,NA,0,1,1,0,1,1,2,1,1,1,1,NA,104800,0,0,1,7.5,12,162,house,house,0.48317715,0.0357909,2.069634295,0.727371922,4.283386113,12.04296531,12.01066585,9.145801851,3.044522438,1.386294361,0.916290732,4.9698133,4.762173935,0.693147181,2.014903021,03/12/1992,9.266666667,2.226423732,3,colonial,-0.1,-2.302585093,partbase,FALSE,FALSE,10/10/1992,28/02/1993,28/01/1993,141,87,54,0.617021277,0.011481056,-4.467056884,0.382978723,0.783333333,68.93617021,0.783333333,0.216666667,42.3,11.7,42.3,7614,0.032826748,-2.018709649,1.032826748
18,763619,95900,97900,90000,E20,EP,2000,91,0,2,1,1,1,0,0,3,1,NA,6,1,0,0,1,4,2,2,255,80,72,0,0,0,192,126,0,0,0,2,1,1,1,1,NA,1,1,0,0,NA,1,0,0,1,0,1,2,1,1,1,1,NA,73600,120,0,0,7,9,20,con,con,0.0596515,0.026843175,16.76403779,2.819235984,281.0329629,11.47106126,11.40756495,#NAME?,1.098612289,0.693147181,0.693147181,4.382026635,4.276666119,0,1.945910149,08/02/1993,11.5,2.442347035,2,condos,-0.1,-2.302585093,fullbase,FALSE,TRUE,08/10/1992,30/04/1993,29/03/1993,204,81,123,0.397058824,0.012330456,-4.395682961,0.602941176,1.133333333,108.5294118,1,0,123,0,139.4,25092,0.065555556,-1.798448457,1.065555556
19,766024,209900,224900,195000,E20,PO,3546,91,15252,5,5,1,4,2,0,19,2,NA,1,1,1,0,2,8,4,2.5,260,144,204,273,0,0,240,144,156,208,0,1,1,0,0,NA,NA,1,0,0,0,NA,0,0,0,0,0,1,2,1,1,1,1,NA,137500,0,1,1,7.3,1,58,house,house,0.17298935,0.002982575,5.780702685,1.754525247,33.41652353,12.25438651,12.18075484,9.632465921,2.944438979,1.386294361,0.916290732,4.9698133,5.318119994,0.693147181,1.987874348,16/03/1993,12.7,2.541601993,other,colonial,-0.1,-2.302585093,partbase,FALSE,FALSE,29/10/1992,30/06/1993,27/05/1993,244,106,138,0.43442623,0.009425071,-4.664382046,0.56557377,1.355555556,101.8032787,1,0,138,0,187.0666667,33672,0.076410256,-1.734942994,1.076410256
20,766124,86900,93900,84500,E20,R,1890,91,0,2,2,1,8,2,0,6,1,1,6,1,0,0,0,6,3,2,286,72,90,0,0,0,165,132,108,0,0,2,1,1,0,0,2,1,1,0,0,0,1,0,0,1,0,2,2,2,2,1,1,NA,73300,68,1,0,7.3,7,12,con,con,0.0357909,0.020878025,27.94006298,3.330061608,780.6471192,11.37251331,11.34450681,#NAME?,1.791759469,1.098612289,0.693147181,4.276666119,4.49980967,0,1.987874348,05/04/1993,13.36666667,2.592764046,2,condos,9,2.219203484,fullbase,FALSE,TRUE,01/11/1992,28/05/1993,28/05/1993,208,53,155,0.254807692,0.018832392,-3.972176928,0.745192308,1.155555556,134.1346154,1,0,155,0,179.1111111,32240,0.028402367,-2.052586454,1.028402367
21,766462,149900,149900,145000,E20,R,2547,91,10000,3,2,1,4,0,0,21,1,NA,2,1,1,0,2,7,3,2,240,121,143,300,0,0,300,143,143,0,0,0,0,0,0,0,0,0,0,0,0,0,0,0,0,0,0,1,2,1,1,1,1,NA,100700,0,0,0,6.8,13,116,house,house,0.3459787,0.038773475,2.890351342,1.061378067,8.354130883,11.91772368,11.88448902,9.210340372,3.044522438,1.098612289,0.693147181,4.795790546,4.96284463,0,1.916922612,04/11/1992,8.3,2.116255515,3,ostyles,0,-1.609437912,partbase,FALSE,FALSE,02/11/1992,31/12/1993,13/11/1992,424,422,2,0.995283019,0.002369107,-6.045242253,0.004716981,2.355555556,0.849056604,1,0,2,0,4.711111111,848,0.033793103,-2.011460676,1.033793103
22,767345,189900,189900,180000,E20,PO,3100,91,10625,2,1,1,5,0,0,23,2,NA,1,1,1,0,2,9,5,2.5,264,156,234,270,0,0,240,130,110,144,195,2,1,0,0,0,NA,1,0,0,0,0,0,0,0,1,1,1,2,1,1,1,1,NA,120200,0,1,0,7,10,67,house,house,0.199832525,0.02982575,5.004190384,1.610275638,25.0419214,12.1542529,12.10071213,9.270964994,3.135494216,1.609437912,0.916290732,5.049856007,5.455321115,0.693147181,1.945910149,16/02/1993,11.76666667,2.465270675,2,colonial,-0.1,-2.302585093,partbase,FALSE,FALSE,10/11/1992,15/03/1993,26/03/1993,125,27,98,0.216,0.036900369,-3.299533728,0.784,0.694444444,141.12,0.694444444,0.305555556,68.05555556,29.94444444,68.05555556,12250,0.055,-1.864330162,1.055
23,771663,207500,219900,195000,E20,HOG,3800,93,10875,3,3,3,1,1,0,3,2,NA,1,1,1,0,2,10,4,2.5,221,154,NA,285,0,0,420,208,168,168,0,2,1,0,0,0,2,0,0,0,0,NA,1,0,0,1,0,1,2,1,1,1,1,NA,142100,0,0,0,7.3,15,113,house,house,0.337030975,0.044738625,2.967086334,1.087580439,8.803601312,12.24288662,12.18075484,9.294221856,1.098612289,1.386294361,0.916290732,5.036952602,NA,0.693147181,1.987874348,22/03/1993,12.9,2.557227311,3,colonial,-0.1,-2.302585093,partbase,FALSE,FALSE,03/01/1993,03/06/1993,15/07/1993,151,73,78,0.483443709,0.013679891,-4.291828367,0.516556291,0.838888889,92.98013245,0.838888889,0.161111111,65.43333333,12.56666667,65.43333333,11778,0.064102564,-1.807263656,1.064102564
24,773614,159900,162900,156300,E20,R,2398,91,9375,2,2,1,8,0,0,28,2,2,1,1,1,0,1,8,4,2.5,242,132,234,204,0,0,168,132,99,99,0,2,1,0,0,0,2,1,0,0,0,0,0,0,1,0,1,1,2,1,1,1,1,NA,93000,0,0,1,7.3,27,168,house,house,0.5010726,0.080529525,1.995718784,0.691004278,3.982893465,11.9823039,11.95953252,9.145801851,3.33220451,1.386294361,0.916290732,4.882801923,5.455321115,0.693147181,1.987874348,17/05/1993,14.76666667,2.692372388,2,colonial,6,1.824549292,partbase,FALSE,TRUE,18/01/1993,18/07/1993,30/07/1993,181,62,119,0.342541436,0.01610306,-4.128745989,0.657458564,1.005555556,118.3425414,1,0,119,0,119.6611111,21539,0.02303263,-2.095305678,1.02303263
25,775382,138500,144500,135500,E20,INF,2312,91,5520,3,3,1,6,2,0,11,2,NA,4,1,1,0,1,5,2,2.5,322,NA,120,322,0,0,294,168,0,0,0,2,1,0,0,0,NA,1,0,0,0,NA,0,0,0,0,0,2,2,2,2,1,1,150,91600,0,1,0,6.7,44,99,house,house,0.295274925,0.1312333,3.3866743,1.219848407,11.46956282,11.8386256,11.81672692,8.616133139,2.397895273,0.693147181,0.916290732,NA,4.787491743,0.693147181,1.902107526,14/04/1993,13.66666667,2.614959778,3,condos,-0.1,-2.302585093,partbase,FALSE,TRUE,27/01/1993,30/06/1993,15/06/1993,154,77,77,0.5,0.012970169,-4.345103281,0.5,0.855555556,90,0.855555556,0.144444444,65.87777778,11.12222222,65.87777778,11858,0.022140221,-2.102585538,1.022140221
26,775734,178000,180000,175000,E20,RH,3081,92,19375,2,4,1,6,2,0,28,2,2,1,1,1,0,2,8,4,2.5,260,144,216,272,0,0,224,154,121,110,0,2,1,0,0,0,2,1,0,0,0,2,1,0,1,0,1,1,2,1,1,1,1,100,116100,0,0,0,6.7,5,41,house,house,0.122285575,0.014912875,8.177579408,2.101396191,66.87280497,12.08953883,12.07254125,9.871738854,3.33220451,1.386294361,0.916290732,4.9698133,5.375278408,0.693147181,1.902107526,06/05/1993,14.4,2.667228207,2,colonial,9,2.219203484,partbase,FALSE,FALSE,31/01/1993,30/06/1993,11/06/1993,150,55,95,0.366666667,0.01814882,-4.009149716,0.633333333,0.833333333,114,0.833333333,0.166666667,79.16666667,15.83333333,79.16666667,14250,0.017142857,-2.144361088,1.017142857
27,776010,85900,87900,83000,E20,R,1833,92,0,3,3,1,6,2,0,5,1,1,5,1,0,1,0,5,2,2,221,72,88,0,0,0,180,132,0,0,0,2,1,1,0,0,NA,1,1,0,0,NA,1,0,1,1,0,2,2,2,2,1,1,100,69100,62,0,0,6.7,15,21,con,con,0.062634075,0.044738625,15.96575027,2.77044582,254.9051818,11.36093911,11.32659589,#NAME?,1.609437912,0.693147181,0.693147181,4.276666119,4.477336814,0,1.902107526,24/04/1993,14,2.63905733,3,condos,-0.1,-2.302585093,fullbase,FALSE,TRUE,01/02/1993,31/08/1993,30/06/1993,211,129,82,0.611374408,0.007745933,-4.860587298,0.388625592,1.172222222,69.95260664,1,0,82,0,96.12222222,17302,0.034939759,-2.002926829,1.034939759
28,776988,72900,79900,68000,E20,BIR,1511,91,0,2,2,1,6,2,0,11,1,1,6,0,0,0,0,6,2,2.5,NA,NA,NA,0,0,0,NA,NA,0,0,0,2,1,1,0,0,2,1,1,0,0,0,1,0,0,0,0,2,2,2,2,1,1,NA,58600,86,0,0,5.3,NA,NA,con,con,NA,NA,NA,NA,NA,11.19684392,11.12726298,#NAME?,2.397895273,0.693147181,0.916290732,NA,NA,0,1.667706821,07/10/1993,19.53333333,2.972122408,2,condos,9,2.219203484,fullbase,FALSE,TRUE,10/02/1993,14/11/1993,17/12/1993,277,38,239,0.137184116,0.026246719,-3.640214282,0.862815884,1.538888889,155.3068592,1,0,239,0,367.7944444,66203,0.072058824,-1.759918863,1.072058824
29,778458,112900,115900,101000,E19,BIR,2099,92,1250,2,1,1,2,2,1,15,2,2,4,1,0,0,0,6,3,2.5,168,120,120,192,0,0,168,132,132,0,0,2,1,0,0,0,NA,1,0,0,0,NA,0,0,0,1,0,2,1,2,2,1,1,NA,79600,70,0,0,7.2,NA,NA,house,house,NA,NA,NA,NA,NA,11.63425775,11.5228758,7.13089883,2.708050201,1.098612289,0.916290732,4.787491743,4.787491743,0.693147181,1.974081026,10/07/1993,16.56666667,2.807392644,2,condos,-0.1,-2.302585093,fullbase,FALSE,TRUE,20/02/1993,30/08/1993,27/08/1993,191,51,140,0.267015707,0.019569472,-3.933784497,0.732984293,1.061111111,131.9371728,1,0,140,0,148.5555556,26740,0.117821782,-1.524078063,1.117821782
30,778533,149900,149900,140000,E19,R,2592,92,11250,3,3,1,1,2,0,25,2,2,1,1,2,0,2,8,4,2.5,240,144,120,132,0,0,196,130,160,170,0,2,1,1,0,0,2,1,1,0,0,2,1,0,1,0,1,1,2,1,1,1,1,NA,97700,0,0,0,7,22,168,house,house,0.5010726,0.06561665,1.995718784,0.691004278,3.982893465,11.91772368,11.8493977,9.328123408,3.218875825,1.386294361,0.916290732,4.9698133,4.787491743,0.693147181,1.945910149,05/03/1993,12.33333333,2.512305624,3,colonial,11,2.415913778,nobase,TRUE,FALSE,22/02/1993,23/08/1993,30/04/1993,182,171,11,0.93956044,0.005844535,-5.142248181,0.06043956,1.011111111,10.87912088,1,0,11,0,11.12222222,2002,0.070714286,-1.767763964,1.070714286
31,779257,179900,189900,167500,E20,PO,3271,92,9375,2,2,1,8,2,0,25,2,2,1,1,1,0,2,9,4,2.5,247,132,192,315,0,0,228,180,144,132,0,2,1,0,0,0,2,1,0,0,0,2,1,0,0,0,0,1,2,1,1,1,1,NA,123300,0,1,0,7.2,1,40,house,house,0.119303,0.002982575,8.382018893,2.126088804,70.25824072,12.10015642,12.02873863,9.145801851,3.218875825,1.386294361,0.916290732,4.882801923,5.257495372,0.693147181,1.974081026,25/06/1993,16.06666667,2.776746732,2,colonial,9,2.219203484,partbase,FALSE,FALSE,26/02/1993,26/08/1993,31/08/1993,181,62,119,0.342541436,0.01610306,-4.128745989,0.657458564,1.005555556,118.3425414,1,0,119,0,119.6611111,21539,0.074029851,-1.748528438,1.074029851
32,780445,63900,68425,60000,E20,R,1539,92,0,5,5,5,3,2,0,8,1,NA,5,1,0,0,0,4,1,1,221,72,88,0,0,0,156,0,0,0,0,2,1,1,0,0,NA,1,1,0,0,NA,1,0,1,0,0,2,2,2,NA,1,1,NA,68500,55,0,0,6.7,20,51,con,con,0.152111325,0.0596515,6.574132465,1.883142625,43.21921767,11.06507464,11.00209984,#NAME?,2.079441542,0,0,4.276666119,4.477336814,0,1.902107526,04/06/1993,15.36666667,2.732200661,other,condos,-0.1,-2.302585093,fullbase,FALSE,TRUE,05/03/1993,30/06/1993,18/06/1993,117,26,91,0.222222222,0.038314176,-3.261935314,0.777777778,0.65,140,0.65,0.35,59.15,31.85,59.15,10647,0.065,-1.801809805,1.065
33,781116,69900,69900,67500,E20,R,1512,92,0,2,2,1,8,2,0,9,1,NA,5,1,0,0,0,4,1,1,221,72,NA,0,0,0,144,0,0,0,0,2,1,1,0,0,2,1,1,0,0,0,1,0,1,0,0,2,2,2,2,1,1,NA,57200,55,0,0,7.3,27,51,con,con,0.152111325,0.080529525,6.574132465,1.883142625,43.21921767,11.15482093,11.11988288,#NAME?,2.197224577,0,0,4.276666119,NA,0,1.987874348,26/05/1993,15.06666667,2.712484798,2,condos,9,2.219203484,fullbase,FALSE,TRUE,10/03/1993,10/09/1993,02/07/1993,184,107,77,0.581521739,0.009337068,-4.673762977,0.418478261,1.022222222,75.32608696,1,0,77,0,78.71111111,14168,0.035555556,-1.998373719,1.035555556
34,781986,165000,165000,160000,E20,R,2470,92,9408,2,1,1,6,0,0,30,3,NA,3,1,2,0,1,8,3,2.5,364,180,144,330,0,112,210,120,120,0,0,2,1,1,0,1,2,1,1,0,0,2,1,0,1,1,1,1,2,1,1,1,1,100,93100,0,0,0,6.7,10,91,house,house,0.271414325,0.02982575,3.684403909,1.304108751,13.57483216,12.01370075,11.98292909,9.14931567,3.401197382,1.098612289,0.916290732,5.192956851,4.9698133,1.098612289,1.902107526,12/07/1993,16.63333333,2.811408714,2,ostyles,12,2.501435952,nobase,TRUE,TRUE,16/03/1993,21/07/1993,01/09/1993,127,9,118,0.070866142,0.10989011,-2.208274414,0.929133858,0.705555556,167.2440945,0.705555556,0.294444444,83.25555556,34.74444444,83.25555556,14986,0.03125,-2.030651378,1.03125
35,783104,184900,184900,182000,E20,MR,3146,92,11475,5,2,1,5,NA,0,23,2,NA,1,1,1,0,2,8,4,2.5,260,144,216,272,0,0,224,121,154,110,0,NA,1,0,0,0,2,1,0,0,0,2,0,1,0,0,0,1,2,1,1,1,1,NA,118600,0,0,0,6.7,30,88,house,house,0.2624666,0.08947725,3.810008588,1.337631443,14.51616544,12.12757042,12.11176197,9.347926035,3.135494216,1.386294361,0.916290732,4.9698133,5.375278408,0.693147181,1.902107526,18/05/1993,14.8,2.694627181,other,colonial,-0.1,-2.302585093,partbase,FALSE,FALSE,25/03/1993,24/09/1993,30/06/1993,183,129,54,0.704918033,0.007745933,-4.860587298,0.295081967,1.016666667,53.1147541,1,0,54,0,54.9,9882,0.015934066,-2.154733647,1.015934066
36,783575,96900,96900,91000,E20,EP,1952,92,0,3,3,1,3,0,0,4,1,NA,6,1,0,0,1,5,2,2,255,81,81,0,0,0,192,126,0,0,0,2,1,1,0,0,2,1,1,0,0,NA,1,0,0,1,0,1,2,1,1,1,1,NA,73600,135,0,0,7.3,1,30,con,con,0.08947725,0.002982575,11.17602519,2.413770876,124.9035391,11.4814348,11.41861479,#NAME?,1.386294361,0.693147181,0.693147181,4.394449155,4.394449155,0,1.987874348,14/06/1993,15.7,2.753660712,3,condos,-0.1,-2.302585093,fullbase,FALSE,TRUE,29/03/1993,15/08/1993,29/07/1993,139,62,77,0.446043165,0.01610306,-4.128745989,0.553956835,0.772222222,99.71223022,0.772222222,0.227777778,59.46111111,17.53888889,59.46111111,10703,0.064835165,-1.802809305,1.064835165
37,784408,139900,143900,135000,E20,R,2428,92,9375,2,1,1,1,2,0,20,2,NA,3,1,2,0,1,8,3,1.5,264,130,182,208,0,0,182,150,110,0,0,NA,1,0,0,1,2,1,0,0,0,2,0,1,1,0,0,1,2,1,1,1,1,100,91500,0,0,0,6.7,5,86,house,house,0.25650145,0.014912875,3.898613439,1.360620961,15.19918674,11.84868316,11.81303006,9.145801851,2.995732274,1.098612289,0.405465108,4.86753445,5.204006687,0.693147181,1.902107526,03/06/1993,15.33333333,2.730029108,2,ostyles,-0.1,-2.302585093,nobase,TRUE,TRUE,01/04/1993,20/02/1994,29/06/1993,325,262,63,0.806153846,0.003815338,-5.56872611,0.193846154,1.805555556,34.89230769,1,0,63,0,113.75,20475,0.036296296,-1.992924114,1.036296296
38,784823,118000,119900,114000,E20,INN,2491,92,3024,8,1,1,6,2,0,10,2,2,4,1,1,0,1,7,3,2.5,299,132,64,0,0,0,260,154,120,0,0,2,1,1,0,0,2,1,1,0,0,0,1,0,0,1,1,2,2,2,2,1,1,NA,93900,NA,0,0,6.3,38,93,house,house,0.277379475,0.11333785,3.605169416,1.282368764,12.99724652,11.6784399,11.64395373,8.014335737,2.302585093,1.098612289,0.916290732,4.882801923,4.158883083,0.693147181,1.840549633,08/10/1993,19.56666667,2.973827438,other,condos,9,2.219203484,partbase,FALSE,TRUE,06/04/1993,06/04/1994,16/11/1993,365,180,185,0.493150685,0.005552471,-5.193512252,0.506849315,2.027777778,91.23287671,1,0,185,0,375.1388889,67525,0.035087719,-2.001830939,1.035087719
39,787199,99500,100900,94000,E20,EP,1968,93,0,2,NA,1,2,2,0,3,1,1,6,1,0,0,1,5,2,2,240,72,72,0,0,0,192,126,0,0,0,2,1,0,0,1,2,1,0,0,0,NA,0,0,0,1,0,1,2,1,1,1,1,100,NA,135,1,0,6,1,22,con,con,0.06561665,0.002982575,15.24003435,2.723925804,232.258647,11.50791292,11.45105006,#NAME?,1.098612289,0.693147181,0.693147181,4.276666119,4.276666119,0,1.791759469,16/11/1993,20.86666667,3.038152989,2,condos,-0.1,-2.302585093,fullbase,FALSE,TRUE,22/04/1993,30/11/1993,13/01/1994,222,14,208,0.063063063,0.070921986,-2.646174797,0.936936937,1.233333333,168.6486486,1,0,208,0,256.5333333,46176,0.058510638,-1.841933569,1.058510638
40,788856,169900,169900,166000,E20,R,2592,92,9375,2,1,1,3,0,0,26,2,NA,1,1,1,1,1,8,4,2.5,299,156,154,169,0,0,196,156,144,121,0,1,1,0,0,0,1,1,0,0,0,0,0,0,1,1,0,1,2,1,1,1,1,NA,97700,0,0,0,7.3,28,110,house,house,0.32808325,0.0835121,3.04800687,1.114487892,9.290345881,12.04296531,12.01974307,9.145801851,3.258096538,1.386294361,0.916290732,5.049856007,5.036952602,0.693147181,1.987874348,08/06/1993,15.5,2.740840024,2,colonial,4,1.435084525,partbase,FALSE,TRUE,04/05/1993,15/08/1993,13/07/1993,103,68,35,0.660194175,0.014684288,-4.220977213,0.339805825,0.572222222,61.16504854,0.572222222,0.427777778,20.02777778,14.97222222,20.02777778,3605,0.023493976,-2.091562902,1.023493976
41,790572,99975,111000,97000,E20,EP,2114,93,0,5,1,1,6,2,0,4,1,1,5,1,0,0,1,5,2,2,315,154,120,0,0,0,180,130,0,0,0,2,1,1,0,1,NA,1,1,0,0,NA,1,0,1,0,0,1,2,1,1,1,1,NA,79700,135,0,0,7.2,15,25,con,con,0.074564375,0.044738625,13.41123023,2.596092433,179.8610963,11.51267543,11.48246626,#NAME?,1.386294361,0.693147181,0.693147181,5.036952602,4.787491743,0,1.974081026,26/07/1993,17.1,2.839078464,other,condos,-0.1,-2.302585093,fullbase,FALSE,TRUE,13/05/1993,13/08/1993,06/08/1993,92,18,74,0.195652174,0.055248619,-2.895911938,0.804347826,0.511111111,144.7826087,0.511111111,0.488888889,37.82222222,36.17777778,37.82222222,6808,0.030670103,-2.035079429,1.030670103
42,790581,179900,184900,173500,E20,PO,3099,92,9000,2,1,1,6,2,0,25,2,NA,1,1,2,0,2,9,4,2.5,260,144,192,286,0,0,240,156,144,120,0,1,1,1,0,0,2,1,1,0,0,2,1,0,1,0,1,1,2,1,1,1,1,200,116800,0,0,0,7.2,32,77,house,house,0.229658275,0.0954424,4.354295529,1.471162836,18.95988955,12.10015642,12.06393288,9.104979856,3.218875825,1.386294361,0.916290732,4.9698133,5.257495372,0.693147181,1.974081026,15/06/1993,15.73333333,2.755781604,2,colonial,10,2.32238772,nobase,TRUE,FALSE,13/05/1993,13/09/1993,19/08/1993,123,90,33,0.731707317,0.011098779,-4.500920165,0.268292683,0.683333333,48.29268293,0.683333333,0.316666667,22.55,10.45,22.55,4059,0.036887608,-1.988595069,1.036887608
43,790716,169222,174900,165000,E19,R,2886,92,9375,2,1,1,3,2,0,25,2,NA,1,1,2,0,2,8,4,2.5,260,144,216,272,0,0,224,154,121,110,0,2,1,0,0,0,2,1,0,0,0,2,1,0,1,0,1,1,2,1,1,1,1,200,108800,0,0,0,7.2,43,174,house,house,0.51896805,0.128250725,1.926900895,0.655912958,3.712947059,12.03896674,12.01370075,9.145801851,3.218875825,1.386294361,0.916290732,4.9698133,5.375278408,0.693147181,1.974081026,02/08/1993,17.33333333,2.85263143,2,colonial,9,2.219203484,nobase,TRUE,FALSE,14/05/1993,30/11/1993,13/08/1993,200,120,80,0.6,0.008326395,-4.788324729,0.4,1.111111111,72,1,0,80,0,88.88888889,16000,0.025587879,-2.074749536,1.025587879
44,792223,197500,197500,189000,E19,R,3279,92,8750,3,3,1,6,2,0,20,2,NA,1,1,1,1,2,8,4,2.5,260,144,192,272,0,0,160,121,182,110,0,2,1,1,0,0,2,0,1,0,0,NA,0,1,1,0,1,1,2,1,1,1,1,100,123600,0,1,1,7.3,1,126,house,house,0.37580445,0.002982575,2.660958379,0.978686351,7.080699493,12.19349386,12.14950229,9.076808979,2.995732274,1.386294361,0.916290732,4.9698133,5.257495372,0.693147181,1.987874348,06/07/1993,16.43333333,2.799311792,3,colonial,-0.1,-2.302585093,partbase,FALSE,FALSE,26/05/1993,25/10/1993,23/07/1993,152,111,41,0.730263158,0.0090009,-4.710430697,0.269736842,0.844444444,48.55263158,0.844444444,0.155555556,34.62222222,6.377777778,34.62222222,6232,0.044973545,-1.931204002,1.044973545
45,792844,85000,85000,85000,E20,MEW,1527,92,0,2,1,1,6,0,0,8,1,1,6,1,0,0,0,5,2,2,234,72,NA,0,0,0,165,99,0,0,0,2,1,1,0,0,0,1,1,0,0,0,1,0,0,0,0,2,2,2,2,1,1,NA,59200,59,0,0,6.5,9,11,con,con,0.032808325,0.026843175,30.4800687,3.417072985,929.0345881,11.35040654,11.35040654,#NAME?,2.079441542,0.693147181,0.693147181,4.276666119,NA,0,1.871802177,30/08/1993,18.26666667,2.905077905,2,condos,7,1.974081026,fullbase,FALSE,TRUE,01/06/1993,24/11/1993,29/10/1993,176,86,90,0.488636364,0.011614402,-4.455509411,0.511363636,0.977777778,92.04545455,0.977777778,0.022222222,88,2,88,15840,0,-2.302585093,1
46,793052,149900,152900,143500,E19,HGR,2672,92,13167,2,1,1,1,0,0,22,1,1,2,1,1,0,2,7,3,2,252,156,240,360,0,120,234,132,132,0,0,1,1,0,0,0,1,1,0,0,0,1,0,0,1,1,0,1,2,1,1,1,1,NA,100700,0,0,0,6.3,21,123,house,house,0.366856725,0.062634075,2.725859803,1.002783902,7.430311664,11.91772368,11.87409031,9.485468978,3.091042453,1.098612289,0.693147181,5.049856007,5.480638923,0,1.840549633,10/09/1993,18.63333333,2.924952091,2,ostyles,5,1.648658626,partbase,FALSE,FALSE,03/06/1993,03/10/1993,19/11/1993,122,23,99,0.18852459,0.043290043,-3.139832618,0.81147541,0.677777778,146.0655738,0.677777778,0.322222222,67.1,31.9,67.1,12078,0.044599303,-1.933788789,1.044599303
47,793370,148900,148900,140900,E20,EP,2605,92,0,3,3,1,3,0,0,4,2,1,5,1,1,0,1,7,2,2,315,154,143,567,0,0,192,130,0,0,0,2,1,1,0,1,2,1,1,0,0,NA,1,0,1,1,0,1,2,1,1,1,1,NA,NA,135,1,0,7.2,1,16,con,con,0.0477212,0.002982575,20.95504723,3.042379535,439.1140045,11.91103022,11.8558057,#NAME?,1.386294361,0.693147181,0.693147181,5.036952602,4.96284463,0.693147181,1.974081026,19/07/1993,16.86666667,2.825339288,3,condos,-0.1,-2.302585093,partbase,FALSE,TRUE,05/06/1993,05/12/1993,20/08/1993,183,139,44,0.759562842,0.007189073,-4.935193099,0.240437158,1.016666667,43.27868852,1,0,44,0,44.73333333,8052,0.056777857,-1.852925401,1.056777857
48,793817,168900,175900,163000,E20,PO,2692,92,18850,4,4,1,7,0,0,21,2,NA,1,1,1,0,2,8,4,2.5,228,121,198,273,0,0,209,121,132,180,0,2,1,1,0,0,2,1,1,0,0,0,0,0,1,0,1,1,2,1,1,1,1,150,110900,0,0,0,5.3,10,62,house,house,0.18491965,0.02982575,5.407754125,1.687833873,29.24380467,12.0370621,12.00150548,9.844268193,3.044522438,1.386294361,0.916290732,4.795790546,5.288267031,0.693147181,1.667706821,29/11/1993,21.3,3.058707073,other,colonial,8,2.104134154,partbase,FALSE,FALSE,08/06/1993,08/01/1994,30/12/1993,214,40,174,0.186915888,0.024937656,-3.691376334,0.813084112,1.188888889,146.3551402,1,0,174,0,206.8666667,37236,0.036196319,-1.993657912,1.036196319
49,794695,168950,176500,163000,E20,PO,2924,92,10292,2,1,1,5,0,0,23,2,NA,1,1,1,0,1,8,4,2.5,276,156,247,221,0,0,182,156,100,99,0,2,1,0,0,0,2,1,0,0,0,0,0,0,1,0,0,1,2,3,1,1,1,100,110200,0,1,0,7.2,10,71,house,house,0.211762825,0.02982575,4.722264165,1.552288381,22.29977885,12.03735809,12.00150548,9.239122173,3.135494216,1.386294361,0.916290732,5.049856007,5.509388337,0.693147181,1.974081026,19/07/1993,16.86666667,2.825339288,2,colonial,6,1.824549292,partbase,FALSE,TRUE,12/06/1993,12/09/1993,27/08/1993,92,55,37,0.597826087,0.01814882,-4.009149716,0.402173913,0.511111111,72.39130435,0.511111111,0.488888889,18.91111111,18.08888889,18.91111111,3404,0.036503067,-1.991408192,1.036503067
50,795082,269900,265000,235000,E20,LKE,5306,92,28286,5,5,1,4,2,0,2,2,NA,1,1,0,0,2,10,4,4,228,156,255,260,156,0,238,154,143,144,0,2,1,0,0,0,NA,1,0,0,0,NA,0,0,0,0,0,1,2,1,1,1,1,NA,200000,0,0,0,7.3,NA,NA,house,house,NA,NA,NA,NA,NA,12.5058068,12.36734079,10.25012226,0.693147181,1.386294361,1.386294361,5.049856007,5.541263545,0.693147181,1.987874348,10/06/1993,15.56666667,2.745131876,other,colonial,-0.1,-2.302585093,fullbase,FALSE,FALSE,15/06/1993,30/08/1993,12/07/1993,76,81,-5,1.065789474,0.012330456,-4.395682961,-0.065789474,0.422222222,-11.84210526,0.422222222,0.577777778,-2.111111111,-2.888888889,-2.111111111,-380,0.148510638,-1.392269624,1.148510638
51,795502,179900,179900,175500,E20,PO,3170,92,15255,3,3,3,1,0,0,25,2,NA,1,1,2,0,2,8,4,2.5,247,132,187,234,0,0,228,144,180,180,0,NA,1,0,0,0,NA,0,0,0,0,NA,1,0,1,0,0,1,2,1,1,1,1,NA,119500,0,0,0,7.2,29,72,house,house,0.2147454,0.086494675,4.656677163,1.538302139,21.6846422,12.10015642,12.07539432,9.632662597,3.218875825,1.386294361,0.916290732,4.882801923,5.231108617,0.693147181,1.974081026,06/08/1993,17.46666667,2.860294303,3,colonial,-0.1,-2.302585093,nobase,TRUE,FALSE,21/06/1993,30/11/1993,31/08/1993,162,116,46,0.716049383,0.008613264,-4.754451889,0.283950617,0.9,51.11111111,0.9,0.1,41.4,4.6,41.4,7452,0.025071225,-2.078871903,1.025071225
52,795757,174900,184900,174500,E20,PO,3162,93,9375,2,1,1,1,NA,NA,25,2,NA,1,0,1,0,2,9,4,2.5,228,132,204,286,0,0,228,192,144,156,0,NA,NA,NA,NA,NA,NA,NA,NA,NA,NA,NA,NA,NA,NA,NA,NA,1,2,1,NA,1,1,NA,119200,0,1,0,6.5,9,50,house,house,0.14912875,0.026843175,6.705615114,1.902945252,44.96527406,12.07196966,12.06968002,9.145801851,3.218875825,1.386294361,0.916290732,4.882801923,5.318119994,0.693147181,1.871802177,29/09/1993,19.26666667,2.958376487,2,colonial,-0.1,-2.302585093,partbase,FALSE,FALSE,23/06/1993,31/12/1993,29/10/1993,191,93,98,0.486910995,0.010741139,-4.533674184,0.513089005,1.061111111,92.35602094,1,0,98,0,103.9888889,18718,0.002292264,-2.279921233,1.002292264
53,797480,138977,143900,134000,E20,EP,2411,92,0,3,3,1,4,2,0,4,2,NA,4,1,0,0,1,6,2,2,225,143,120,0,0,0,168,130,0,0,0,2,1,0,0,1,NA,0,0,0,0,NA,0,0,0,0,0,1,2,1,1,1,1,NA,93500,125,0,0,6.5,12,23,th,th,0.068599225,0.0357909,14.57742416,2.679474042,212.5012952,11.84206373,11.80559508,#NAME?,1.386294361,0.693147181,0.693147181,4.96284463,4.787491743,0.693147181,1.871802177,28/09/1993,19.23333333,2.956644885,3,condos,-0.1,-2.302585093,fullbase,FALSE,TRUE,08/07/1993,31/10/1993,21/10/1993,115,33,82,0.286956522,0.03021148,-3.499533282,0.713043478,0.638888889,128.3478261,0.638888889,0.361111111,52.38888889,29.61111111,52.38888889,9430,0.037141791,-1.986739917,1.037141791
54,798042,154900,154900,148000,E19,R,2478,92,10336,2,1,1,1,0,0,27,2,NA,1,0,1,0,1,8,4,2.5,242,132,234,204,0,0,168,132,99,99,0,1,1,0,0,0,NA,1,0,0,0,NA,0,0,1,0,1,1,2,1,1,1,1,200,93400,0,0,1,6.7,37,173,house,house,0.515985475,0.110355275,1.93803905,0.661676663,3.755995361,11.95053503,11.90496755,9.243388226,3.295836866,1.386294361,0.916290732,4.882801923,5.455321115,0.693147181,1.902107526,05/08/1993,17.43333333,2.858384082,2,colonial,-0.1,-2.302585093,partbase,FALSE,TRUE,11/07/1993,11/01/1994,23/09/1993,184,159,25,0.864130435,0.006285355,-5.069532935,0.135869565,1.022222222,24.45652174,1,0,25,0,25.55555556,4600,0.046621622,-1.919900013,1.046621622
55,800254,179900,179900,179900,E20,MR,3191,92,14685,3,3,1,1,0,0,22,2,NA,1,1,1,0,2,8,4,2.5,273,156,216,272,0,0,224,154,121,110,0,NA,1,0,0,0,2,1,1,0,0,2,0,1,0,0,0,1,2,1,1,1,1,NA,NA,0,0,0,6.7,39,100,house,house,0.2982575,0.116320425,3.352807557,1.209798072,11.24131852,12.10015642,12.10015642,9.594581844,3.091042453,1.386294361,0.916290732,5.049856007,5.375278408,0.693147181,1.902107526,16/08/1993,17.8,2.879198457,3,colonial,-0.1,-2.302585093,partbase,FALSE,FALSE,30/07/1993,30/10/1993,30/09/1993,92,75,17,0.815217391,0.013315579,-4.318820559,0.184782609,0.511111111,33.26086957,0.511111111,0.488888889,8.688888889,8.311111111,8.688888889,1564,0,-2.302585093,1
56,801249,76500,76500,73000,E19,BIR,1549,92,0,5,5,1,5,2,0,12,1,NA,5,1,0,1,0,6,2,1,182,81,81,0,0,0,160,180,0,0,0,2,1,1,0,0,2,0,1,0,0,NA,1,0,0,0,0,2,2,2,2,1,1,NA,58400,91,0,0,5.3,NA,NA,con,con,NA,NA,NA,NA,NA,11.24504602,11.19821472,#NAME?,2.48490665,0.693147181,0,4.394449155,4.394449155,0,1.667706821,10/11/1993,20.66666667,3.028522096,other,condos,-0.1,-2.302585093,fullbase,FALSE,TRUE,04/08/1993,31/12/1993,16/12/1993,149,51,98,0.342281879,0.019569472,-3.933784497,0.657718121,0.827777778,118.3892617,0.827777778,0.172222222,81.12222222,16.87777778,81.12222222,14602,0.047945205,-1.910913307,1.047945205
57,802488,214900,239900,211000,E20,NA,4115,92,12172,2,1,1,1,0,0,5,2,NA,1,1,1,0,2,10,4,2.5,216,156,286,286,0,0,323,168,144,132,0,2,1,0,1,0,NA,1,0,0,NA,NA,0,0,1,0,0,1,2,1,1,1,1,NA,155100,0,0,1,5.3,13,28,house,house,0.0835121,0.038773475,11.9743127,2.482763747,143.3841647,12.27792808,12.25961341,9.406893511,1.609437912,1.386294361,0.916290732,5.049856007,5.655991811,0.693147181,1.667706821,03/12/1993,21.43333333,3.064947343,2,colonial,-0.1,-2.302585093,partbase,FALSE,FALSE,17/08/1993,25/02/1994,29/12/1993,192,84,108,0.4375,0.011890606,-4.432006567,0.5625,1.066666667,101.25,1,0,108,0,115.2,20736,0.018483412,-2.132982309,1.018483412
58,802497,69900,73900,63000,E19,TRE,1756,92,0,2,2,1,1,2,0,11,1,1,5,1,0,0,2,5,2,1.5,221,90,110,0,0,0,156,90,0,0,0,2,1,1,0,0,2,1,1,0,0,2,1,0,1,0,0,2,2,2,2,1,1,100,66200,82,1,0,5.9,28,55,con,con,0.164041625,0.0835121,6.09601374,1.807635072,37.16138352,11.15482093,11.05089001,#NAME?,2.397895273,0.693147181,0.405465108,4.49980967,4.700480366,0,1.774952351,13/12/1993,21.76666667,3.080379748,2,condos,11,2.415913778,fullbase,FALSE,FALSE,14/08/1993,30/12/1993,04/02/1994,138,17,121,0.123188406,0.058479532,-2.839078464,0.876811594,0.766666667,157.826087,0.766666667,0.233333333,92.76666667,28.23333333,92.76666667,16698,0.10952381,-1.562917897,1.10952381
59,802574,125000,114900,114900,E20,EP,2720,92,0,2,1,1,3,0,0,5,1,1,5,1,0,0,1,8,2,2,315,143,120,0,0,0,168,130,0,0,0,2,1,1,0,1,2,1,1,1,0,NA,1,0,1,0,0,1,2,1,1,1,1,NA,NA,135,0,0,6.3,NA,NA,con,con,NA,NA,NA,NA,NA,11.73606902,11.65181746,#NAME?,1.609437912,0.693147181,0.693147181,4.96284463,4.787491743,0,1.840549633,18/10/1993,19.9,2.990719732,2,condos,-0.1,-2.302585093,fullbase,FALSE,TRUE,17/08/1993,17/08/1994,10/11/1993,365,303,62,0.830136986,0.003299241,-5.714062784,0.169863014,2.027777778,30.57534247,1,0,62,0,125.7222222,22630,0.087902524,-1.67183194,1.087902524
60,802789,154000,159900,140000,E20,R,2543,92,11850,2,1,1,8,2,0,29,2,NA,3,0,2,0,2,10,5,3,286,120,90,315,0,0,204,132,120,286,130,NA,1,1,0,0,2,1,1,0,0,2,1,0,0,0,1,1,2,1,1,1,1,150,95000,0,1,0,6.4,6,132,house,house,0.3936999,0.01789545,2.540005725,0.932166335,6.451629084,11.94470788,11.8493977,9.380083147,3.36729583,1.609437912,1.098612289,4.787491743,4.49980967,0.693147181,1.85629799,31/01/1994,23.4,3.152736022,2,ostyles,-0.1,-2.302585093,nobase,TRUE,FALSE,18/08/1993,15/02/1994,22/03/1994,181,15,166,0.082872928,0.066225166,-2.714694744,0.917127072,1.005555556,165.0828729,1,0,166,0,166.9222222,30046,0.1,-1.609437912,1.1
61,803681,179900,179900,179900,E20,NA,3258,92,10375,3,3,1,2,2,0,NA,2,NA,1,1,1,1,2,8,4,2.5,260,132,192,286,0,0,240,192,156,144,0,0,1,0,0,0,1,1,0,0,0,2,0,0,1,1,0,1,2,1,1,1,1,100,122800,0,0,0,7.2,10,50,house,house,0.14912875,0.02982575,6.705615114,1.902945252,44.96527406,12.10015642,12.10015642,9.247154345,NA,1.386294361,0.916290732,4.882801923,5.257495372,0.693147181,1.974081026,25/08/1993,18.1,2.895911938,3,colonial,5,1.648658626,partbase,FALSE,FALSE,24/08/1993,31/08/1993,26/08/1993,7,6,1,0.857142857,0.163934426,-1.808288771,0.142857143,0.038888889,25.71428571,0.038888889,0.961111111,0.038888889,0.961111111,0.038888889,7,0,-2.302585093,1
62,803987,136900,144900,132000,E19,R,2450,93,10200,3,3,1,1,0,0,25,2,2,7,0,2,0,1,9,4,2.5,275,110,160,432,190,0,192,132,120,160,0,NA,1,0,1,0,NA,0,0,0,0,NA,0,1,0,0,1,1,2,1,1,1,1,100,91600,0,0,0,6.4,27,171,house,house,0.510020325,0.080529525,1.960706174,0.673304701,3.8443687,11.82700601,11.7905572,9.230142999,3.218875825,1.386294361,0.916290732,4.700480366,5.075173815,0.693147181,1.85629799,28/02/1994,24.33333333,3.191847152,3,ostyles,-0.1,-2.302585093,nobase,TRUE,TRUE,27/08/1993,30/06/1994,28/03/1994,307,122,185,0.397394137,0.008190008,-4.804840381,0.602605863,1.705555556,108.4690554,1,0,185,0,315.5277778,56795,0.037121212,-1.986889984,1.037121212
63,805314,139900,139900,135000,E20,R,2658,92,9375,2,4,1,6,0,0,25,1,NA,2,1,2,0,1,7,3,1.5,247,110,165,182,0,0,196,121,99,0,0,2,1,0,0,0,NA,1,0,0,0,NA,0,0,1,0,0,1,2,1,1,1,1,200,100200,0,0,0,6.5,14,38,house,house,0.11333785,0.04175605,8.823177782,2.177382098,77.84846618,11.84868316,11.81303006,9.145801851,3.218875825,1.098612289,0.405465108,4.700480366,5.105945474,0,1.871802177,03/09/1993,18.4,2.912350665,2,ostyles,-0.1,-2.302585093,nobase,TRUE,TRUE,08/09/1993,30/09/1993,29/10/1993,22,27,-5,1.227272727,0.036900369,-3.299533728,-0.227272727,0.122222222,-40.90909091,0.122222222,0.877777778,-0.611111111,-4.388888889,-0.611111111,-110,0.036296296,-1.992924114,1.036296296
64,806883,167500,179900,162000,E20,PO,2855,92,10875,7,2,1,8,NA,NA,25,2,2,1,1,1,0,2,8,4,2.5,228,121,176,273,0,0,198,180,144,121,0,NA,NA,NA,NA,NA,NA,NA,NA,NA,NA,NA,NA,NA,NA,NA,NA,1,2,1,NA,1,1,NA,109500,0,0,0,6.3,22,68,house,house,0.2028151,0.06561665,4.930599349,1.595460552,24.31080994,12.02873863,11.99535161,9.294221856,3.218875825,1.386294361,0.916290732,4.795790546,5.170483995,0.693147181,1.840549633,04/10/1993,19.43333333,2.966989805,other,colonial,-0.1,-2.302585093,partbase,FALSE,FALSE,21/09/1993,21/12/1993,24/11/1993,91,78,13,0.857142857,0.012804097,-4.357990057,0.142857143,0.505555556,25.71428571,0.505555556,0.494444444,6.572222222,6.427777778,6.572222222,1183,0.033950617,-2.010284075,1.033950617
65,807493,105000,110000,104000,E20,INN,2252,92,0,3,3,1,6,0,0,12,2,NA,4,1,0,0,1,4,2,2.5,299,NA,110,0,0,0,273,168,0,0,0,2,1,0,0,0,0,1,0,0,0,0,0,0,0,0,1,1,2,1,2,1,1,NA,84900,NA,0,0,6.2,36,87,th,th,0.259484025,0.1073727,3.85380179,1.349060139,14.85178824,11.56171563,11.55214618,#NAME?,2.48490665,0.693147181,0.916290732,NA,4.700480366,0.693147181,1.824549292,05/03/1994,24.5,3.198673118,3,condos,4,1.435084525,fullbase,FALSE,TRUE,23/09/1993,30/03/1994,27/04/1994,188,25,163,0.132978723,0.039840637,-3.222867846,0.867021277,1.044444444,156.0638298,1,0,163,0,170.2444444,30644,0.009615385,-2.210777544,1.009615385
66,807813,174900,174900,165000,E20,HGR,2979,92,12500,2,1,1,1,1,0,21,2,NA,1,1,1,0,2,10,5,2.5,187,154,162,378,80,0,192,150,132,110,80,1,1,0,0,0,1,1,0,0,0,1,0,0,1,0,0,1,2,1,1,1,1,100,112300,0,0,0,6.3,6,114,house,house,0.34001355,0.01789545,2.941059261,1.078769809,8.649829575,12.07196966,12.01370075,9.433483923,3.044522438,1.609437912,0.916290732,5.036952602,5.087596335,0.693147181,1.840549633,29/10/1993,20.26666667,3.0089775,2,colonial,5,1.648658626,partbase,FALSE,FALSE,28/09/1993,28/01/1994,29/11/1993,122,91,31,0.745901639,0.010976948,-4.511957804,0.254098361,0.677777778,45.73770492,0.677777778,0.322222222,21.01111111,9.988888889,21.01111111,3782,0.06,-1.832581464,1.06
67,808113,155900,159900,150000,E19,R,2675,92,12994,2,1,1,1,0,0,28,2,NA,1,1,2,0,2,10,4,2.5,240,144,144,253,0,0,182,120,150,150,0,NA,1,0,0,0,0,1,0,0,0,NA,0,1,0,1,1,1,2,1,1,1,1,NA,100800,0,0,0,5.3,35,168,house,house,0.5010726,0.104390125,1.995718784,0.691004278,3.982893465,11.95697006,11.91839057,9.472242991,3.33220451,1.386294361,0.916290732,4.9698133,4.9698133,0.693147181,1.667706821,10/11/1993,20.66666667,3.028522096,2,colonial,-0.1,-2.302585093,nobase,TRUE,FALSE,01/10/1993,30/04/1994,17/12/1993,211,171,40,0.81042654,0.005844535,-5.142248181,0.18957346,1.172222222,34.12322275,1,0,40,0,46.88888889,8440,0.039333333,-1.970886135,1.039333333
68,808183,204900,204900,193000,E20,MR,3085,92,10792,2,2,1,5,2,0,23,2,NA,1,1,1,0,2,8,4,2.5,228,132,204,286,0,0,228,192,144,156,0,2,1,0,0,0,2,1,1,0,0,2,0,0,0,1,1,1,2,1,1,1,1,NA,116300,0,0,1,5.8,33,94,house,house,0.28036205,0.098424975,3.56681655,1.271673475,12.7221803,12.23027733,12.17044547,9.286560398,3.135494216,1.386294361,0.916290732,4.882801923,5.318119994,0.693147181,1.757857918,03/05/1994,26.46666667,3.27588608,2,colonial,9,2.219203484,partbase,FALSE,FALSE,01/10/1993,30/06/1994,24/06/1994,272,58,214,0.213235294,0.017211704,-4.062165664,0.786764706,1.511111111,141.6176471,1,0,214,0,323.3777778,58208,0.061658031,-1.822272094,1.061658031
69,809225,149900,149900,146000,E20,EP,2481,93,0,3,3,1,3,2,0,5,2,NA,6,1,0,0,1,6,3,2,225,143,120,0,0,0,391,168,260,0,0,2,1,1,0,1,2,1,1,0,0,NA,1,0,1,1,0,1,2,1,1,1,1,NA,105500,135,0,0,6.2,1,31,con,con,0.092459825,0.002982575,10.81550825,2.380981053,116.9752187,11.91772368,11.8913619,#NAME?,1.609437912,1.098612289,0.693147181,4.96284463,4.787491743,0.693147181,1.824549292,06/03/1994,24.53333333,3.200032737,3,condos,-0.1,-2.302585093,fullbase,FALSE,TRUE,31/12/1993,31/07/1994,10/05/1994,212,147,65,0.693396226,0.006798097,-4.991112628,0.306603774,1.177777778,55.18867925,1,0,65,0,76.55555556,13780,0.026712329,-2.06583589,1.026712329
70,809230,99900,94900,97900,E20,EP,2279,92,0,2,1,1,3,0,0,5,1,1,5,1,1,0,2,4,1,1,323,110,132,0,0,0,187,0,0,0,0,2,1,1,0,1,2,1,1,0,0,NA,1,0,1,0,0,1,2,1,1,1,1,NA,85900,135,1,0,5.8,1,14,con,con,0.04175605,0.002982575,23.94862541,3.175910928,573.536659,11.51192496,11.49170183,#NAME?,1.609437912,0,0,4.700480366,4.882801923,0,1.757857918,15/05/1994,26.86666667,3.290886361,2,condos,-0.1,-2.302585093,partbase,FALSE,FALSE,01/01/1994,31/12/1994,14/06/1994,364,230,134,0.631868132,0.004345937,-5.438513997,0.368131868,2.022222222,66.26373626,1,0,134,0,270.9777778,48776,0.020429009,-2.116694835,1.020429009
71,809235,99000,103000,98500,E20,EP,1953,92,0,2,1,1,3,2,0,4,1,NA,6,1,0,0,1,5,2,2,285,90,72,0,0,0,192,126,0,0,0,2,1,1,0,1,2,1,1,0,0,NA,1,0,0,1,0,1,2,1,1,1,1,NA,73600,135,1,0,6.2,14,24,con,con,0.0715818,0.04175605,13.97003149,2.636914427,195.1617798,11.50287513,11.49781183,#NAME?,1.386294361,0.693147181,0.693147181,4.49980967,4.276666119,0,1.824549292,12/03/1994,24.73333333,3.208151862,2,condos,-0.1,-2.302585093,fullbase,FALSE,TRUE,08/10/1993,08/10/1994,29/04/1994,365,210,155,0.575342466,0.004759638,-5.347583608,0.424657534,2.027777778,76.43835616,1,0,155,0,314.3055556,56575,0.005076142,-2.253070028,1.005076142
72,809240,139900,139000,139000,E20,EP,2786,92,0,2,1,1,3,NA,NA,4,2,NA,4,1,0,0,1,7,3,2.5,480,108,108,0,0,0,216,156,NA,0,0,2,1,1,0,1,2,1,1,0,0,NA,1,0,0,1,0,1,2,1,1,1,1,NA,105000,135,1,0,6.2,7,28,con,con,0.0835121,0.020878025,11.9743127,2.482763747,143.3841647,11.84868316,11.84222921,#NAME?,1.386294361,1.098612289,0.916290732,4.682131227,4.682131227,0.693147181,1.824549292,22/04/1994,26.1,3.261935314,2,condos,-0.1,-2.302585093,fullbase,FALSE,TRUE,31/12/1993,31/07/1994,27/05/1994,212,100,112,0.471698113,0.00999001,-4.606169686,0.528301887,1.177777778,95.09433962,1,0,112,0,131.9111111,23744,0.00647482,-2.239846752,1.00647482
73,809976,149800,168900,147000,E20,R,2624,92,6500,3,3,3,2,2,0,28,3,NA,3,2,1,0,0,8,4,2.5,288,120,NA,368,0,0,168,120,110,154,0,2,1,0,0,1,2,1,0,0,0,0,0,0,1,0,1,1,2,1,1,1,1,NA,98900,0,0,1,6.4,14,77,house,house,0.229658275,0.04175605,4.354295529,1.471162836,18.95988955,11.91705635,11.89818787,8.779557456,3.33220451,1.386294361,0.916290732,4.787491743,NA,1.098612289,1.85629799,23/02/1994,24.16666667,3.184974273,3,ostyles,7,1.974081026,partbase,FALSE,TRUE,15/10/1993,15/04/1994,31/03/1994,182,51,131,0.28021978,0.019569472,-3.933784497,0.71978022,1.011111111,129.5604396,1,0,131,0,132.4555556,23842,0.019047619,-2.128231706,1.019047619
74,810654,87900,89900,84000,E20,MEW,1857,92,0,NA,2,1,6,2,0,8,1,1,5,1,0,0,0,6,2,2,221,72,NA,0,0,0,165,130,0,0,0,2,1,1,0,0,2,1,1,0,0,0,1,0,1,0,0,2,2,2,2,1,1,NA,70000,67,1,0,6.2,5,7,con,con,0.020878025,0.014912875,47.89725082,3.869058109,2294.146636,11.38395508,11.33857208,#NAME?,2.079441542,0.693147181,0.693147181,4.276666119,NA,0,1.824549292,25/03/1994,25.16666667,3.225520368,NA,condos,9,2.219203484,fullbase,FALSE,TRUE,21/10/1993,20/04/1994,27/05/1994,181,26,155,0.143646409,0.038314176,-3.261935314,0.856353591,1.005555556,154.1436464,1,0,155,0,155.8611111,28055,0.046428571,-1.921217536,1.046428571
75,812068,83000,83000,80000,E20,MEW,1716,92,0,2,1,1,6,0,0,6,1,1,5,1,0,1,0,5,2,1.5,204,72,96,0,0,0,180,117,0,0,0,2,1,1,0,0,2,1,1,0,0,0,1,0,1,0,0,2,2,2,2,1,1,100,64700,61,0,0,6.2,18,23,con,con,0.068599225,0.05368635,14.57742416,2.679474042,212.5012952,11.32659589,11.28978191,#NAME?,1.791759469,0.693147181,0.405465108,4.276666119,4.564348191,0,1.824549292,19/02/1994,24.03333333,3.179441756,2,condos,9,2.219203484,fullbase,FALSE,TRUE,02/11/1993,31/05/1994,23/05/1994,210,101,109,0.480952381,0.009891197,-4.616110126,0.519047619,1.166666667,93.42857143,1,0,109,0,127.1666667,22890,0.0375,-1.984131362,1.0375
76,813363,139900,139900,137000,E19,HGR,2708,93,10000,3,3,1,6,0,0,24,1,1,2,1,1,0,2,7,3,2,220,132,80,360,0,0,204,132,121,0,0,2,1,0,0,0,2,1,0,0,0,2,0,0,0,0,0,1,2,1,1,1,1,150,101300,0,0,0,6,27,141,house,house,0.420543075,0.080529525,2.3778777,0.866208367,5.654302357,11.84868316,11.8277362,9.210340372,3.17805383,1.098612289,0.693147181,4.882801923,4.382026635,0,1.791759469,16/12/1993,21.86666667,3.084963407,3,ostyles,8,2.104134154,partbase,FALSE,FALSE,12/11/1993,19/01/1994,20/01/1994,68,34,34,0.5,0.029325513,-3.529297384,0.5,0.377777778,90,0.377777778,0.622222222,12.84444444,21.15555556,12.84444444,2312,0.021167883,-2.11057823,1.021167883
77,813539,99500,105900,95000,E19,VIL,2486,92,0,7,2,1,8,2,0,NA,3,3,4,1,1,0,2,7,2,2.5,NA,NA,NA,0,0,0,NA,NA,0,0,0,2,1,1,0,0,2,1,1,0,0,0,1,0,0,1,0,1,2,1,2,1,1,NA,93700,82,0,0,5.9,4,14,con,con,0.04175605,0.0119303,23.94862541,3.175910928,573.536659,11.50791292,11.46163217,#NAME?,NA,0.693147181,0.916290732,NA,NA,1.098612289,1.774952351,31/01/1994,23.4,3.152736022,other,condos,9,2.219203484,partbase,FALSE,FALSE,16/11/1993,01/03/1994,18/02/1994,105,29,76,0.276190476,0.034364261,-3.370738174,0.723809524,0.583333333,130.2857143,0.583333333,0.416666667,44.33333333,31.66666667,44.33333333,7980,0.047368421,-1.914819562,1.047368421
78,816355,149900,149900,144000,E19,R,2690,92,13275,2,1,1,7,2,0,29,2,NA,1,1,2,1,1,8,4,2.5,264,132,221,221,0,0,182,156,120,110,0,1,1,1,0,0,NA,1,1,0,0,NA,1,0,1,1,1,1,2,1,1,1,1,NA,NA,0,0,0,5.9,14,160,house,house,0.477212,0.04175605,2.095504723,0.739794442,4.391140045,11.91772368,11.87756858,9.493637846,3.36729583,1.386294361,0.916290732,4.882801923,5.398162702,0.693147181,1.774952351,03/01/1994,22.46666667,3.112032729,2,colonial,-0.1,-2.302585093,nobase,TRUE,TRUE,17/12/1993,30/06/1994,24/02/1994,195,178,17,0.912820513,0.005614823,-5.18234519,0.087179487,1.083333333,15.69230769,1,0,17,0,18.41666667,3315,0.040972222,-1.959192414,1.040972222
79,817875,81900,87500,79000,E20,MEW,1783,92,0,3,1,1,1,0,0,8,1,1,6,1,0,0,2,5,2,2,247,72,NA,0,0,0,165,99,0,0,0,2,1,1,0,0,2,1,1,0,0,NA,1,0,0,1,0,2,2,2,2,1,1,NA,67200,0,0,0,6.1,6,14,con,con,0.04175605,0.01789545,23.94862541,3.175910928,573.536659,11.31325427,11.27720313,#NAME?,2.079441542,0.693147181,0.693147181,4.276666119,NA,0,1.808288771,28/06/1994,28.33333333,3.344038968,3,condos,-0.1,-2.302585093,fullbase,FALSE,FALSE,08/01/1994,03/11/1994,26/08/1994,299,128,171,0.428093645,0.007806401,-4.852811209,0.571906355,1.661111111,102.9431438,1,0,171,0,284.05,51129,0.036708861,-1.989901718,1.036708861
80,818570,139000,129900,137500,E20,EP,2500,93,0,3,3,1,3,0,0,6,2,2,4,1,0,0,1,6,3,2,192,132,143,0,0,0,391,168,260,0,0,2,1,1,0,1,2,1,1,0,0,NA,1,0,0,1,0,1,2,1,1,1,1,NA,93500,135,0,0,6.5,9,20,con,con,0.0596515,0.026843175,16.76403779,2.819235984,281.0329629,11.84222921,11.8313792,#NAME?,1.791759469,1.098612289,0.693147181,4.882801923,4.96284463,0.693147181,1.871802177,21/06/1994,28.1,3.335769576,3,condos,-0.1,-2.302585093,fullbase,FALSE,TRUE,14/01/1994,31/12/1994,22/07/1994,351,193,158,0.54985755,0.005178664,-5.263208189,0.45014245,1.95,81.02564103,1,0,158,0,308.1,55458,0.010909091,-2.199044414,1.010909091
81,818906,76000,76000,73000,E19,BIR,1535,93,0,3,1,1,5,NA,NA,11,1,2,6,1,0,0,0,6,2,1,323,64,90,0,0,0,255,120,0,0,0,2,1,1,0,0,2,0,1,0,0,NA,1,0,0,0,0,2,2,2,2,1,1,NA,57400,90,0,0,6.4,NA,NA,con,con,NA,NA,NA,NA,NA,11.23848862,11.19821472,#NAME?,2.397895273,0.693147181,0,4.158883083,4.49980967,0,1.85629799,22/02/1994,24.13333333,3.183594011,3,condos,-0.1,-2.302585093,fullbase,FALSE,TRUE,14/01/1994,30/09/1994,31/03/1994,259,220,39,0.849420849,0.004543389,-5.394081989,0.150579151,1.438888889,27.1042471,1,0,39,0,56.11666667,10101,0.04109589,-1.958315546,1.04109589
82,820486,94900,94900,85845,E20,CVI,2048,93,0,3,3,3,6,2,0,6,4,4,4,1,1,0,0,5,1,1.5,242,NA,99,242,98,0,208,0,0,0,0,2,1,1,0,1,NA,1,1,0,0,NA,1,0,0,0,0,1,2,1,1,1,1,NA,76600,68,0,0,5.8,10,19,NA,NA,0.056668925,0.02982575,17.64635556,2.870529278,311.3938647,11.46057898,11.36029862,#NAME?,1.791759469,0,0.405465108,NA,4.59511985,1.386294361,1.757857918,30/04/1994,26.36666667,3.272100586,3,condos,-0.1,-2.302585093,partbase,FALSE,TRUE,01/02/1994,01/02/1995,08/06/1994,365,277,88,0.75890411,0.003608805,-5.624378452,0.24109589,2.027777778,43.39726027,1,0,88,0,178.4444444,32120,0.105480808,-1.582402639,1.105480808
83,821178,139900,139900,140000,E19,R,2652,93,9375,2,1,1,5,0,0,26,2,NA,NA,1,2,0,2,8,4,2.5,240,144,144,253,0,0,196,130,160,170,0,2,1,0,0,0,2,1,0,0,0,2,0,0,1,0,0,1,2,1,1,1,1,NA,99200,NA,0,0,6.2,44,182,house,house,0.54282865,0.1312333,1.842201955,0.610961571,3.393708041,11.84868316,11.8493977,9.145801851,3.258096538,1.386294361,0.916290732,4.9698133,4.9698133,0.693147181,1.824549292,07/03/1994,24.56666667,3.201390511,2,NA,8,2.104134154,nobase,TRUE,FALSE,07/02/1994,07/06/1994,29/04/1994,120,92,28,0.766666667,0.010857763,-4.522874943,0.233333333,0.666666667,42,0.666666667,0.333333333,18.66666667,9.333333333,18.66666667,3360,-0.000714286,-2.309753582,0.999285714
84,821687,102900,102900,96000,E20,EP,1968,93,0,2,1,1,1,0,0,4,1,1,6,1,0,0,1,5,2,2,240,90,90,0,0,0,192,126,0,0,0,2,1,1,0,1,NA,1,0,0,0,NA,1,0,0,1,0,1,2,1,1,1,1,NA,73600,135,0,0,6.2,0,16,con,con,0.0477212,0,20.95504723,3.042379535,439.1140045,11.54151292,11.47210347,#NAME?,1.386294361,0.693147181,0.693147181,4.49980967,4.49980967,0,1.824549292,20/04/1994,26.03333333,3.259377768,2,condos,-0.1,-2.302585093,fullbase,FALSE,TRUE,10/02/1994,30/05/1994,31/05/1994,109,40,69,0.366972477,0.024937656,-3.691376334,0.633027523,0.605555556,113.9449541,0.605555556,0.394444444,41.78333333,27.21666667,41.78333333,7521,0.071875,-1.760987811,1.071875
85,821857,89990,89990,87000,E20,MEW,1984,93,0,3,3,1,2,2,0,10,1,1,6,1,0,0,0,6,3,2,299,72,99,0,0,0,192,144,108,0,0,2,1,1,0,1,0,1,1,0,0,0,1,0,0,1,0,2,2,2,2,1,1,60,74200,72,1,0,6.4,5,8,con,con,0.0238606,0.014912875,41.91009447,3.735526716,1756.456018,11.40745383,11.3736634,#NAME?,2.302585093,1.098612289,0.693147181,4.276666119,4.59511985,0,1.85629799,07/03/1994,24.56666667,3.201390511,3,condos,8,2.104134154,fullbase,FALSE,TRUE,13/02/1994,13/08/1994,30/03/1994,181,159,22,0.878453039,0.006285355,-5.069532935,0.121546961,1.005555556,21.87845304,1,0,22,0,22.12222222,3982,0.034367816,-2.007174343,1.034367816
86,823929,204900,209900,195000,E20,MR,3345,93,8625,1,1,1,5,0,0,23,2,NA,1,1,1,0,2,10,5,2.5,247,132,117,192,0,0,247,160,224,130,143,1,1,1,0,0,NA,1,1,0,0,1,1,0,1,0,1,1,2,1,1,1,1,NA,125100,0,0,0,6.5,39,92,house,house,0.2743969,0.116320425,3.64435604,1.293179681,13.28133095,12.23027733,12.18075484,9.062420242,3.135494216,1.609437912,0.916290732,4.882801923,4.762173935,0.693147181,1.871802177,24/06/1994,28.2,3.339321978,other,colonial,-0.1,-2.302585093,partbase,FALSE,FALSE,01/03/1994,31/08/1994,29/07/1994,183,68,115,0.371584699,0.014684288,-4.220977213,0.628415301,1.016666667,113.1147541,1,0,115,0,116.9166667,21045,0.050769231,-1.892004884,1.050769231
87,824161,164900,164900,158000,E19,R,2611,93,12420,NA,2,1,4,2,0,NA,2,2,1,1,1,0,1,9,4,2.5,242,132,234,204,0,0,168,132,90,99,0,2,1,0,1,0,2,1,0,0,0,0,0,0,1,0,0,1,2,1,1,1,1,NA,99500,0,0,0,6.2,17,153,house,house,0.456333975,0.050703775,2.191377488,0.784530336,4.802135297,12.01309451,11.97035031,9.427063355,NA,1.386294361,0.916290732,4.882801923,5.455321115,0.693147181,1.824549292,19/04/1994,26,3.258096538,NA,colonial,6,1.824549292,partbase,FALSE,TRUE,02/03/1994,02/09/1994,27/05/1994,184,136,48,0.739130435,0.007347539,-4.91338991,0.260869565,1.022222222,46.95652174,1,0,48,0,49.06666667,8832,0.043670886,-1.940230109,1.043670886
88,824730,189900,189900,183000,E19,R,2848,93,6400,2,1,1,5,2,0,30,2,NA,1,2,2,0,2,8,4,2.5,299,156,224,416,0,0,210,168,132,121,0,2,1,0,0,0,2,1,0,0,0,2,0,0,0,1,1,1,2,1,1,1,1,200,106500,0,0,1,6.2,16,112,house,house,0.3340484,0.0477212,2.993578176,1.096469386,8.961510296,12.1542529,12.11724143,8.764053269,3.401197382,1.386294361,0.916290732,5.049856007,5.411646052,0.693147181,1.824549292,29/04/1994,26.33333333,3.270835564,2,colonial,8,2.104134154,nobase,TRUE,FALSE,07/03/1994,07/07/1994,13/05/1994,122,69,53,0.56557377,0.01447178,-4.235554731,0.43442623,0.677777778,78.19672131,0.677777778,0.322222222,35.92222222,17.07777778,35.92222222,6466,0.037704918,-1.982642158,1.037704918
89,825032,187900,194900,183750,E20,MR,3250,93,10500,3,3,1,5,0,0,24,2,NA,1,1,1,0,2,8,4,2.5,228,121,176,273,0,0,209,144,121,180,0,NA,1,0,0,0,2,1,0,0,0,2,0,0,1,0,0,1,2,1,1,1,1,NA,123400,0,1,0,6.3,16,75,house,house,0.223693125,0.0477212,4.470410076,1.497480144,19.98456625,12.14366519,12.12133142,9.259130536,3.17805383,1.386294361,0.916290732,4.795790546,5.170483995,0.693147181,1.840549633,12/09/1994,30.86666667,3.429676853,3,colonial,-0.1,-2.302585093,partbase,FALSE,FALSE,07/03/1994,07/11/1994,30/09/1994,245,56,189,0.228571429,0.017825312,-4.027135813,0.771428571,1.361111111,138.8571429,1,0,189,0,257.25,46305,0.022585034,-2.098950335,1.022585034
90,825190,187000,187000,166000,E19,R,2821,93,10080,2,3,1,3,0,0,29,2.5,2,1,2,2,0,1,9,4,2.5,364,156,156,169,0,0,210,168,120,121,0,2,1,1,1,0,NA,1,1,0,0,NA,1,0,1,1,0,1,1,1,1,1,1,150,105500,0,1,0,5.8,1,74,house,house,0.22071055,0.002982575,4.530821023,1.510903164,20.52833915,12.1388639,12.01974307,9.218308542,3.36729583,1.386294361,0.916290732,5.049856007,5.049856007,0.916290732,1.757857918,17/06/1994,27.96666667,3.331013325,2,colonial,-0.1,-2.302585093,nobase,TRUE,TRUE,10/03/1994,10/10/1994,20/06/1994,214,115,99,0.537383178,0.008688097,-4.745801316,0.462616822,1.188888889,83.27102804,1,0,99,0,117.7,21186,0.126506024,-1.484983738,1.126506024
91,825479,159500,162500,158000,E19,R,2506,93,9375,2,2,1,5,0,0,30,2.5,NA,8,1,2,0,1,7,3,1.5,300,130,180,195,0,0,169,121,108,0,0,NA,1,0,0,0,NA,1,0,0,0,NA,0,0,1,0,0,1,2,3,1,1,1,NA,93700,0,1,0,5.8,1,80,house,house,0.238606,0.002982575,4.191009447,1.432941623,17.56456018,11.9797992,11.97035031,9.145801851,3.401197382,1.098612289,0.405465108,4.86753445,5.192956851,0.916290732,1.757857918,29/04/1994,26.33333333,3.270835564,2,ostyles,-0.1,-2.302585093,nobase,TRUE,TRUE,12/03/1994,12/09/1994,30/06/1994,184,136,48,0.739130435,0.007347539,-4.91338991,0.260869565,1.022222222,46.95652174,1,0,48,0,49.06666667,8832,0.009493671,-2.211888532,1.009493671
92,826952,68500,68500,65500,E20,TRE,1707,91,0,2,1,1,1,2,0,8,1,NA,5,1,0,0,0,5,2,1.5,221,72,96,0,0,0,165,117,0,0,0,2,1,1,0,0,2,1,1,0,0,0,1,0,1,0,0,2,2,2,2,1,1,NA,NA,67,0,0,6.5,33,60,con,con,0.1789545,0.098424975,5.588012595,1.720623695,31.22588477,11.13458902,11.08980542,#NAME?,2.079441542,0.693147181,0.405465108,4.276666119,4.564348191,0,1.871802177,22/06/1994,28.13333333,3.336955113,2,condos,9,2.219203484,fullbase,FALSE,TRUE,22/03/1994,18/08/1994,29/07/1994,149,57,92,0.382550336,0.017513135,-4.044804117,0.617449664,0.827777778,111.1409396,0.827777778,0.172222222,76.15555556,15.84444444,76.15555556,13708,0.045801527,-1.925508988,1.045801527
93,827385,173900,179850,175000,E20,R,3088,94,13420,3,3,3,1,0,0,25,2,2,1,1,1,0,2,8,4,2.5,260,132,204,273,0,0,228,156,192,180,0,NA,1,0,0,0,2,1,0,0,0,2,0,0,1,0,1,1,2,1,NA,1,1,NA,115500,0,0,1,5.8,19,63,house,house,0.187902225,0.056668925,5.321916758,1.671833531,28.32279797,12.0662357,12.07254125,9.504501411,3.218875825,1.386294361,0.916290732,4.882801923,5.318119994,0.693147181,1.757857918,03/06/1994,27.5,3.314186005,3,colonial,-0.1,-2.302585093,partbase,FALSE,FALSE,24/03/1994,30/07/1994,30/06/1994,128,57,71,0.4453125,0.017513135,-4.044804117,0.5546875,0.711111111,99.84375,0.711111111,0.288888889,50.48888889,20.51111111,50.48888889,9088,-0.006285714,-2.367504639,0.993714286
94,831491,184900,184900,184900,E20,PO,3266,93,9000,3,3,3,4,2,0,NA,2,NA,1,1,1,0,2,10,5,2.5,228,121,176,273,0,0,247,160,210,130,143,0,1,0,0,0,2,1,0,0,0,2,0,0,1,0,1,1,2,1,1,1,1,NA,NA,0,0,0,6.5,30,74,house,house,0.22071055,0.08947725,4.530821023,1.510903164,20.52833915,12.12757042,12.12757042,9.104979856,NA,1.609437912,0.916290732,4.795790546,5.170483995,0.693147181,1.871802177,06/06/1994,27.6,3.317815773,3,colonial,6,1.824549292,partbase,FALSE,FALSE,21/04/1994,21/10/1994,22/07/1994,183,137,46,0.74863388,0.007293946,-4.920710587,0.25136612,1.016666667,45.24590164,1,0,46,0,46.76666667,8418,0,-2.302585093,1
95,831499,91900,91900,87500,E20,MEW,1984,93,0,7,2,1,4,2,1,9,1,NA,6,1,1,0,2,7,3,2,286,72,NA,108,0,0,165,132,NA,0,0,2,1,1,0,0,2,1,1,0,0,0,1,0,0,1,0,2,2,2,2,1,1,NA,NA,80,0,0,6.5,11,15,con,con,0.044738625,0.032808325,22.35205038,3.106918057,499.6141563,11.42845631,11.37939407,#NAME?,2.197224577,1.098612289,0.693147181,4.276666119,NA,0,1.871802177,20/06/1994,28.06666667,3.334582633,other,condos,9,2.219203484,partbase,FALSE,FALSE,21/04/1994,21/10/1994,01/07/1994,183,123,60,0.672131148,0.008123477,-4.812997033,0.327868852,1.016666667,59.01639344,1,0,60,0,61,10980,0.050285714,-1.895217035,1.050285714
96,831628,159900,159900,152500,E20,PO,3155,93,11250,1,1,1,5,2,0,24,2,NA,7,1,1,1,1,10,5,2.5,266,154,154,360,0,0,196,110,121,168,238,NA,1,1,0,0,2,1,1,1,0,2,1,0,1,1,1,1,2,1,1,1,1,NA,118000,0,0,0,6.2,34,76,house,house,0.2266757,0.10140755,4.411588891,1.484234917,19.46211654,11.9823039,11.93491988,9.328123408,3.17805383,1.609437912,0.916290732,5.036952602,5.036952602,0.693147181,1.824549292,09/05/1994,26.66666667,3.283414346,other,ostyles,-0.1,-2.302585093,partbase,FALSE,TRUE,21/04/1994,30/10/1994,27/05/1994,192,174,18,0.90625,0.005743825,-5.159629847,0.09375,1.066666667,16.875,1,0,18,0,19.2,3456,0.04852459,-1.907004744,1.04852459
97,832267,179900,179900,177000,E20,HGR,3070,93,9600,2,1,1,6,2,0,25,2,2,1,1,1,0,1,10,5,2.5,192,192,162,231,0,70,221,81,154,130,150,1,1,0,0,0,0,1,0,1,0,0,1,0,1,0,1,1,2,1,1,1,1,NA,114800,0,0,0,5.8,15,102,house,house,0.30422265,0.044738625,3.287066233,1.189995444,10.80480442,12.10015642,12.08390501,9.169518377,3.218875825,1.609437912,0.916290732,5.257495372,5.087596335,0.693147181,1.757857918,10/06/1994,27.73333333,3.322635059,2,colonial,5,1.648658626,partbase,FALSE,TRUE,27/04/1994,27/10/1994,13/06/1994,183,139,44,0.759562842,0.007189073,-4.935193099,0.240437158,1.016666667,43.27868852,1,0,44,0,44.73333333,8052,0.016384181,-2.150858657,1.016384181
98,832366,69000,69000,68500,E20,THO,1770,93,0,5,5,5,3,2,0,11,1,NA,5,0,0,0,0,5,2,1.5,340,NA,77,0,0,0,132,108,0,0,0,2,1,1,0,0,NA,1,1,0,0,2,1,0,1,0,0,2,2,2,2,1,1,NA,NA,72,0,0,6.1,30,58,con,con,0.17298935,0.08947725,5.780702685,1.754525247,33.41652353,11.14186178,11.13458902,#NAME?,2.397895273,0.693147181,0.405465108,NA,4.343805422,0,1.808288771,22/07/1994,29.13333333,3.371882994,other,condos,-0.1,-2.302585093,fullbase,FALSE,TRUE,27/04/1994,30/08/1994,22/08/1994,125,39,86,0.312,0.025575448,-3.666122467,0.688,0.694444444,123.84,0.694444444,0.305555556,59.72222222,26.27777778,59.72222222,10750,0.00729927,-2.232133432,1.00729927
99,834156,154900,154900,148000,E19,RGR,2642,93,12000,6,4,1,6,2,0,26,2,2,1,1,1,0,1,9,5,2.5,266,143,168,442,0,221,196,121,110,143,0,2,1,0,0,0,2,1,0,0,0,2,0,1,1,0,0,1,2,1,1,1,1,100,98800,NA,0,0,6.5,6,145,house,house,0.432473375,0.01789545,2.312281074,0.838234515,5.346643765,11.95053503,11.90496755,9.392661929,3.258096538,1.609437912,0.916290732,4.96284463,5.123963979,0.693147181,1.871802177,09/06/1994,27.7,3.321432413,other,colonial,8,2.104134154,partbase,FALSE,TRUE,10/05/1994,11/11/1994,15/07/1994,185,155,30,0.837837838,0.006447453,-5.04407007,0.162162162,1.027777778,29.18918919,1,0,30,0,30.83333333,5550,0.046621622,-1.919900013,1.046621622
100,835079,99900,99900,98500,E19,EP,2297,93,0,2,1,1,3,2,0,5,1,1,5,1,0,0,0,4,1,1,323,110,132,0,0,0,187,0,0,0,0,2,1,1,0,1,2,1,1,0,0,NA,1,0,1,0,0,1,2,1,1,1,1,NA,85900,135,1,0,6.5,1,30,con,con,0.08947725,0.002982575,11.17602519,2.413770876,124.9035391,11.51192496,11.49781183,#NAME?,1.609437912,0,0,4.700480366,4.882801923,0,1.871802177,24/06/1994,28.2,3.339321978,2,condos,-0.1,-2.302585093,fullbase,FALSE,TRUE,16/05/1994,16/11/1994,29/07/1994,184,145,39,0.788043478,0.006891799,-4.97742316,0.211956522,1.022222222,38.15217391,1,0,39,0,39.86666667,7176,0.014213198,-2.16968842,1.014213198
101,835085,159900,159900,154000,E19,HGR,3317,93,15840,3,1,1,1,0,0,28,2,NA,7,1,0,0,2,8,4,2.5,234,156,143,378,0,0,143,110,143,110,0,1,1,0,0,0,NA,1,0,0,0,NA,0,0,0,0,1,1,2,1,1,1,1,NA,119800,0,0,1,6.5,18,124,house,house,0.3698393,0.05368635,2.703877062,0.994686692,7.310951168,11.9823039,11.94470788,9.670293665,3.33220451,1.386294361,0.916290732,5.049856007,4.96284463,0.693147181,1.871802177,03/06/1994,27.5,3.314186005,3,ostyles,-0.1,-2.302585093,fullbase,FALSE,FALSE,17/05/1994,17/11/1994,29/07/1994,184,167,17,0.907608696,0.00598444,-5.118592436,0.092391304,1.022222222,16.63043478,1,0,17,0,17.37777778,3128,0.038311688,-1.97824553,1.038311688
102,837748,71500,78900,69000,E19,BIR,1535,93,0,3,3,1,5,0,0,20,1,1,5,1,0,0,0,5,2,1,221,120,90,0,0,0,192,110,0,0,0,2,1,1,1,0,2,1,1,0,0,NA,1,0,1,0,0,2,2,2,2,1,1,NA,57400,97,0,0,6.5,NA,NA,con,con,NA,NA,NA,NA,NA,11.17745273,11.14186178,#NAME?,2.995732274,0.693147181,0,4.787491743,4.49980967,0,1.871802177,07/06/1994,27.63333333,3.319022773,3,condos,-0.1,-2.302585093,fullbase,FALSE,TRUE,02/06/1994,01/09/1994,11/07/1994,91,86,5,0.945054945,0.011614402,-4.455509411,0.054945055,0.505555556,9.89010989,0.505555556,0.494444444,2.527777778,2.472222222,2.527777778,455,0.036231884,-1.993396815,1.036231884
103,839987,125000,125000,122500,E20,CVI,2490,93,0,3,3,1,3,0,0,7,3,NA,4,1,1,0,0,7,2,2.5,360,182,210,320,0,0,165,140,0,0,0,2,1,1,0,1,2,1,1,1,0,0,1,0,0,1,0,1,2,1,1,1,1,NA,93100,82,0,0,5.8,7,16,con,con,0.0477212,0.020878025,20.95504723,3.042379535,439.1140045,11.73606902,11.71586631,#NAME?,1.945910149,0.693147181,0.916290732,5.204006687,5.347107531,1.098612289,1.757857918,22/06/1994,28.13333333,3.336955113,3,condos,11,2.415913778,partbase,FALSE,TRUE,22/06/1994,29/12/1994,27/06/1994,190,190,0,1,0.005260389,-5.247550249,0,1.055555556,0,1,0,0,0,0,0,0.020408163,-2.116867947,1.020408163
104,841144,204900,204900,198000,E20,MR,3137,93,17136,3,3,3,4,2,0,25,2,NA,1,1,1,0,2,8,4,2.5,247,143,216,247,0,0,228,132,156,192,0,1,1,1,0,0,1,1,1,0,0,NA,1,0,0,1,0,1,2,1,1,1,1,100,119200,0,0,1,6.3,21,88,house,house,0.2624666,0.062634075,3.810008588,1.337631443,14.51616544,12.23027733,12.19602231,9.748936793,3.218875825,1.386294361,0.916290732,4.96284463,5.375278408,0.693147181,1.840549633,22/07/1994,29.13333333,3.371882994,3,colonial,-0.1,-2.302585093,partbase,FALSE,FALSE,01/07/1994,01/01/1995,16/09/1994,184,163,21,0.885869565,0.006131208,-5.09436351,0.114130435,1.022222222,20.54347826,1,0,21,0,21.46666667,3864,0.034848485,-2.003603465,1.034848485
105,847415,99900,99900,97500,E20,EP,1968,93,0,3,3,1,3,0,0,6,1,NA,6,1,0,0,1,5,2,2,240,90,72,0,0,0,192,126,0,0,0,2,1,1,0,1,2,1,1,0,0,NA,1,0,0,1,0,1,2,1,1,1,1,NA,73600,135,0,0,NA,15,25,con,con,0.074564375,0.044738625,13.41123023,2.596092433,179.8610963,11.51192496,11.48760766,#NAME?,1.791759469,0.693147181,0.693147181,4.49980967,4.276666119,0,NA,08/09/1994,30.73333333,3.425347842,3,condos,-0.1,-2.302585093,fullbase,FALSE,TRUE,24/08/1994,30/11/1994,12/10/1994,98,83,15,0.846938776,0.012033694,-4.420044702,0.153061224,0.544444444,27.55102041,0.544444444,0.455555556,8.166666667,6.833333333,8.166666667,1470,0.024615385,-2.082523208,1.024615385